start,goal,net_add,net_del,net_temp,full_path,path,action,a_star_cost,a_star_ops,a_star_add,a_star_del,a_star_temp
|1,1|1,1,0,0,[|1]~~{(+1)}~~>[1|1],[|1]~>[1|1],{(+1)}~,2.0,1,1,0,0
|1,2|1,1,0,0,[|1]~~{(+2)}~~>[2|1],[|1]~>[2|1],{(+2)}~,2.0,1,1,0,0
|1,3|1,1,0,0,[|1]~~{(+3)}~~>[3|1],[|1]~>[3|1],{(+3)}~,2.0,1,1,0,0
|1,2*3|1,2,0,0,[|1]~~{(+2  3)}~~>[2*3|1],[|1]~>[2*3|1],{(+2  3)}~,3.0,1,2,0,0
|1,4|1,1,0,0,[|1]~~{(+4)}~~>[4|1],[|1]~>[4|1],{(+4)}~,2.0,1,1,0,0
|1,5|1,1,0,0,[|1]~~{(+5)}~~>[5|1],[|1]~>[5|1],{(+5)}~,2.0,1,1,0,0
|1,6|1,1,0,0,[|1]~~{(+6)}~~>[6|1],[|1]~>[6|1],{(+6)}~,2.0,1,1,0,0
|1,4*6|1,2,0,0,[|1]~~{(+4  6)}~~>[4*6|1],[|1]~>[4*6|1],{(+4  6)}~,3.0,1,2,0,0
|1,7|1,1,0,0,[|1]~~{(+7)}~~>[7|1],[|1]~>[7|1],{(+7)}~,2.0,1,1,0,0
|1,1*7|1,2,0,0,[|1]~~{(+1  7)}~~>[1*7|1],[|1]~>[1*7|1],{(+1  7)}~,3.0,1,2,0,0
|1,5*7|1,2,0,0,[|1]~~{(+5  7)}~~>[5*7|1],[|1]~>[5*7|1],{(+5  7)}~,3.0,1,2,0,0
|1,1*5*7|1,3,0,0,[|1]~~{(+1  5  7)}~~>[1*5*7|1],[|1]~>[1*5*7|1],{(+1  5  7)}~,4.0,1,3,0,0
|1,4*5*7|1,3,0,0,[|1]~~{(+4  5  7)}~~>[4*5*7|1],[|1]~>[4*5*7|1],{(+4  5  7)}~,4.0,1,3,0,0
|1,1*4*5*7|1,4,0,0,[|1]~~{(+1  4  5  7)}~~>[1*4*5*7|1],[|1]~>[1*4*5*7|1],{(+1  4  5  7)}~,5.0,1,4,0,0
|1,8|1,1,0,0,[|1]~~{(+8)}~~>[8|1],[|1]~>[8|1],{(+8)}~,2.0,1,1,0,0
|1,9|1,1,0,0,[|1]~~{(+9)}~~>[9|1],[|1]~>[9|1],{(+9)}~,2.0,1,1,0,0
|1,1*9|1,2,0,0,[|1]~~{(+1  9)}~~>[1*9|1],[|1]~>[1*9|1],{(+1  9)}~,3.0,1,2,0,0
|1,3*9|1,2,0,0,[|1]~~{(+3  9)}~~>[3*9|1],[|1]~>[3*9|1],{(+3  9)}~,3.0,1,2,0,0
|1,4*9|1,2,0,0,[|1]~~{(+4  9)}~~>[4*9|1],[|1]~>[4*9|1],{(+4  9)}~,3.0,1,2,0,0
|1,5*9|1,2,0,0,[|1]~~{(+5  9)}~~>[5*9|1],[|1]~>[5*9|1],{(+5  9)}~,3.0,1,2,0,0
|1,4*5*9|1,3,0,0,[|1]~~{(+4  5  9)}~~>[4*5*9|1],[|1]~>[4*5*9|1],{(+4  5  9)}~,4.0,1,3,0,0
|1,10|1,1,0,0,[|1]~~{(+10)}~~>[10|1],[|1]~>[10|1],{(+10)}~,2.0,1,1,0,0
|1,1*10|1,2,0,0,[|1]~~{(+1  10)}~~>[1*10|1],[|1]~>[1*10|1],{(+1  10)}~,3.0,1,2,0,0
|1,2*10|1,2,0,0,[|1]~~{(+2  10)}~~>[2*10|1],[|1]~>[2*10|1],{(+2  10)}~,3.0,1,2,0,0
|1,4*10|1,2,0,0,[|1]~~{(+4  10)}~~>[4*10|1],[|1]~>[4*10|1],{(+4  10)}~,3.0,1,2,0,0
|1,5*10|1,2,0,0,[|1]~~{(+5  10)}~~>[5*10|1],[|1]~>[5*10|1],{(+5  10)}~,3.0,1,2,0,0
|1,1*7*10|1,3,0,0,[|1]~~{(+1  7  10)}~~>[1*7*10|1],[|1]~>[1*7*10|1],{(+1  7  10)}~,4.0,1,3,0,0
|1,2*7*10|1,3,0,0,[|1]~~{(+2  7  10)}~~>[2*7*10|1],[|1]~>[2*7*10|1],{(+2  7  10)}~,4.0,1,3,0,0
|1,4*7*10|1,3,0,0,[|1]~~{(+4  7  10)}~~>[4*7*10|1],[|1]~>[4*7*10|1],{(+4  7  10)}~,4.0,1,3,0,0
|1,1*4*7*10|1,4,0,0,[|1]~~{(+1  4  7  10)}~~>[1*4*7*10|1],[|1]~>[1*4*7*10|1],{(+1  4  7  10)}~,5.0,1,4,0,0
|1,5*7*10|1,3,0,0,[|1]~~{(+5  7  10)}~~>[5*7*10|1],[|1]~>[5*7*10|1],{(+5  7  10)}~,4.0,1,3,0,0
|1,8*10|1,2,0,0,[|1]~~{(+8  10)}~~>[8*10|1],[|1]~>[8*10|1],{(+8  10)}~,3.0,1,2,0,0
|1,4*7*9*10|1,4,0,0,[|1]~~{(+4  7  9  10)}~~>[4*7*9*10|1],[|1]~>[4*7*9*10|1],{(+4  7  9  10)}~,5.0,1,4,0,0
|1,11|1,1,0,0,[|1]~~{(+11)}~~>[11|1],[|1]~>[11|1],{(+11)}~,2.0,1,1,0,0
|1,1*11|1,2,0,0,[|1]~~{(+1  11)}~~>[1*11|1],[|1]~>[1*11|1],{(+1  11)}~,3.0,1,2,0,0
|1,1*7*11|1,3,0,0,[|1]~~{(+1  7  11)}~~>[1*7*11|1],[|1]~>[1*7*11|1],{(+1  7  11)}~,4.0,1,3,0,0
|1,1*4*7*11|1,4,0,0,[|1]~~{(+1  4  7  11)}~~>[1*4*7*11|1],[|1]~>[1*4*7*11|1],{(+1  4  7  11)}~,5.0,1,4,0,0
1|1,|1,,,,N/A,N/A,N/A,,,,,
1|1,2|1,1,1,0,[1|1]~~{(+2)}~~>[2|1],[1|1]~>[2|1],{(+2)}~,2.0,1,1,0,0
1|1,3|1,1,1,0,[1|1]~~{(+3)}~~>[3|1],[1|1]~>[3|1],{(+3)}~,2.0,1,1,0,0
1|1,2*3|1,2,1,0,[1|1]~~{(+2  3)}~~>[2*3|1],[1|1]~>[2*3|1],{(+2  3)}~,3.0,1,2,0,0
1|1,4|1,,,,N/A,N/A,N/A,,,,,
1|1,5|1,1,1,0,[1|1]~~{(+5)}~~>[5|1],[1|1]~>[5|1],{(+5)}~,2.0,1,1,0,0
1|1,6|1,,,,N/A,N/A,N/A,,,,,
1|1,4*6|1,,,,N/A,N/A,N/A,,,,,
1|1,7|1,,,,N/A,N/A,N/A,,,,,
1|1,1*7|1,1,0,0,[1|1]~~{(+7)}~~>[1*7|1],[1|1]~>[1*7|1],{(+7)}~,2.0,1,1,0,0
1|1,5*7|1,2,1,0,[1|1]~~{(+5)}~~>[5|1]~~{(+7)}~~>[5*7|1],[1|1]~>[5|1]~>[5*7|1],{(+5)}~{(+7)}~,4.0,2,2,0,0
1|1,1*5*7|1,2,0,0,[1|1]~~{(+5  7)}~~>[1*5*7|1],[1|1]~>[1*5*7|1],{(+5  7)}~,3.0,1,2,0,0
1|1,4*5*7|1,3,1,0,[1|1]~~{(+5)}~~>[5|1]~~{(+4  7)}~~>[4*5*7|1],[1|1]~>[5|1]~>[4*5*7|1],{(+5)}~{(+4  7)}~,5.0,2,3,0,0
1|1,1*4*5*7|1,3,0,0,[1|1]~~{(+5  7)}~~>[1*5*7|1]~~{(+4)}~~>[1*4*5*7|1],[1|1]~>[1*5*7|1]~>[1*4*5*7|1],{(+5  7)}~{(+4)}~,5.0,2,3,0,0
1|1,8|1,,,,N/A,N/A,N/A,,,,,
1|1,9|1,,,,N/A,N/A,N/A,,,,,
1|1,1*9|1,1,0,0,[1|1]~~{(+9)}~~>[1*9|1],[1|1]~>[1*9|1],{(+9)}~,2.0,1,1,0,0
1|1,3*9|1,2,1,0,[1|1]~~{(+3)}~~>[3|1]~~{(+9)}~~>[3*9|1],[1|1]~>[3|1]~>[3*9|1],{(+3)}~{(+9)}~,4.0,2,2,0,0
1|1,4*9|1,,,,N/A,N/A,N/A,,,,,
1|1,5*9|1,2,1,0,[1|1]~~{(+5)}~~>[5|1]~~{(+9)}~~>[5*9|1],[1|1]~>[5|1]~>[5*9|1],{(+5)}~{(+9)}~,4.0,2,2,0,0
1|1,4*5*9|1,3,1,0,[1|1]~~{(+5)}~~>[5|1]~~{(+4  9)}~~>[4*5*9|1],[1|1]~>[5|1]~>[4*5*9|1],{(+5)}~{(+4  9)}~,5.0,2,3,0,0
1|1,10|1,,,,N/A,N/A,N/A,,,,,
1|1,1*10|1,1,0,0,[1|1]~~{(+10)}~~>[1*10|1],[1|1]~>[1*10|1],{(+10)}~,2.0,1,1,0,0
1|1,2*10|1,2,1,0,[1|1]~~{(+2  10)}~~>[2*10|1],[1|1]~>[2*10|1],{(+2  10)}~,3.0,1,2,0,0
1|1,4*10|1,,,,N/A,N/A,N/A,,,,,
1|1,5*10|1,2,1,0,[1|1]~~{(+5  10)}~~>[5*10|1],[1|1]~>[5*10|1],{(+5  10)}~,3.0,1,2,0,0
1|1,1*7*10|1,2,0,0,[1|1]~~{(+7  10)}~~>[1*7*10|1],[1|1]~>[1*7*10|1],{(+7  10)}~,3.0,1,2,0,0
1|1,2*7*10|1,3,1,0,[1|1]~~{(+2  7  10)}~~>[2*7*10|1],[1|1]~>[2*7*10|1],{(+2  7  10)}~,4.0,1,3,0,0
1|1,4*7*10|1,3,1,0,[1|1]~~{(+5)}~~>[5|1]~~{(+4  7  10)}~~>[4*7*10|1],[1|1]~>[5|1]~>[4*7*10|1],{(+5)}~{(+4  7  10)}~,6.0,2,4,0,0
1|1,1*4*7*10|1,3,0,0,[1|1]~~{(+4  7  10)}~~>[1*4*7*10|1],[1|1]~>[1*4*7*10|1],{(+4  7  10)}~,4.0,1,3,0,0
1|1,5*7*10|1,3,1,0,[1|1]~~{(+5)}~~>[5|1]~~{(+7  10)}~~>[5*7*10|1],[1|1]~>[5|1]~>[5*7*10|1],{(+5)}~{(+7  10)}~,5.0,2,3,0,0
1|1,8*10|1,,,,N/A,N/A,N/A,,,,,
1|1,4*7*9*10|1,4,1,0,[1|1]~~{(+5)}~~>[5|1]~~{(+4  7)}~~>[4*5*7|1]~~{(+9  10)}~~>[4*7*9*10|1],[1|1]~>[5|1]~>[4*5*7|1]~>[4*7*9*10|1],{(+5)}~{(+4  7)}~{(+9  10)}~,8.0,3,5,0,0
1|1,11|1,,,,N/A,N/A,N/A,,,,,
1|1,1*11|1,1,0,0,[1|1]~~{(+11)}~~>[1*11|1],[1|1]~>[1*11|1],{(+11)}~,2.0,1,1,0,0
1|1,1*7*11|1,2,0,0,[1|1]~~{(+7  11)}~~>[1*7*11|1],[1|1]~>[1*7*11|1],{(+7  11)}~,3.0,1,2,0,0
1|1,1*4*7*11|1,3,0,0,[1|1]~~{(+4  7  11)}~~>[1*4*7*11|1],[1|1]~>[1*4*7*11|1],{(+4  7  11)}~,4.0,1,3,0,0
2|1,|1,,,,N/A,N/A,N/A,,,,,
2|1,1|1,,,,N/A,N/A,N/A,,,,,
2|1,3|1,,,,N/A,N/A,N/A,,,,,
2|1,2*3|1,1,0,0,[2|1]~~{(+3)}~~>[2*3|1],[2|1]~>[2*3|1],{(+3)}~,2.0,1,1,0,0
2|1,4|1,,,,N/A,N/A,N/A,,,,,
2|1,5|1,,,,N/A,N/A,N/A,,,,,
2|1,6|1,,,,N/A,N/A,N/A,,,,,
2|1,4*6|1,,,,N/A,N/A,N/A,,,,,
2|1,7|1,,,,N/A,N/A,N/A,,,,,
2|1,1*7|1,,,,N/A,N/A,N/A,,,,,
2|1,5*7|1,,,,N/A,N/A,N/A,,,,,
2|1,1*5*7|1,,,,N/A,N/A,N/A,,,,,
2|1,4*5*7|1,,,,N/A,N/A,N/A,,,,,
2|1,1*4*5*7|1,,,,N/A,N/A,N/A,,,,,
2|1,8|1,,,,N/A,N/A,N/A,,,,,
2|1,9|1,,,,N/A,N/A,N/A,,,,,
2|1,1*9|1,,,,N/A,N/A,N/A,,,,,
2|1,3*9|1,,,,N/A,N/A,N/A,,,,,
2|1,4*9|1,,,,N/A,N/A,N/A,,,,,
2|1,5*9|1,,,,N/A,N/A,N/A,,,,,
2|1,4*5*9|1,,,,N/A,N/A,N/A,,,,,
2|1,10|1,,,,N/A,N/A,N/A,,,,,
2|1,1*10|1,,,,N/A,N/A,N/A,,,,,
2|1,2*10|1,1,0,0,[2|1]~~{(+10)}~~>[2*10|1],[2|1]~>[2*10|1],{(+10)}~,2.0,1,1,0,0
2|1,4*10|1,,,,N/A,N/A,N/A,,,,,
2|1,5*10|1,,,,N/A,N/A,N/A,,,,,
2|1,1*7*10|1,,,,N/A,N/A,N/A,,,,,
2|1,2*7*10|1,2,0,0,[2|1]~~{(+7  10)}~~>[2*7*10|1],[2|1]~>[2*7*10|1],{(+7  10)}~,3.0,1,2,0,0
2|1,4*7*10|1,,,,N/A,N/A,N/A,,,,,
2|1,1*4*7*10|1,,,,N/A,N/A,N/A,,,,,
2|1,5*7*10|1,,,,N/A,N/A,N/A,,,,,
2|1,8*10|1,,,,N/A,N/A,N/A,,,,,
2|1,4*7*9*10|1,,,,N/A,N/A,N/A,,,,,
2|1,11|1,,,,N/A,N/A,N/A,,,,,
2|1,1*11|1,,,,N/A,N/A,N/A,,,,,
2|1,1*7*11|1,,,,N/A,N/A,N/A,,,,,
2|1,1*4*7*11|1,,,,N/A,N/A,N/A,,,,,
3|1,|1,,,,N/A,N/A,N/A,,,,,
3|1,1|1,,,,N/A,N/A,N/A,,,,,
3|1,2|1,,,,N/A,N/A,N/A,,,,,
3|1,2*3|1,1,0,0,[3|1]~~{(+2)}~~>[2*3|1],[3|1]~>[2*3|1],{(+2)}~,2.0,1,1,0,0
3|1,4|1,,,,N/A,N/A,N/A,,,,,
3|1,5|1,,,,N/A,N/A,N/A,,,,,
3|1,6|1,,,,N/A,N/A,N/A,,,,,
3|1,4*6|1,,,,N/A,N/A,N/A,,,,,
3|1,7|1,,,,N/A,N/A,N/A,,,,,
3|1,1*7|1,,,,N/A,N/A,N/A,,,,,
3|1,5*7|1,,,,N/A,N/A,N/A,,,,,
3|1,1*5*7|1,,,,N/A,N/A,N/A,,,,,
3|1,4*5*7|1,,,,N/A,N/A,N/A,,,,,
3|1,1*4*5*7|1,,,,N/A,N/A,N/A,,,,,
3|1,8|1,,,,N/A,N/A,N/A,,,,,
3|1,9|1,,,,N/A,N/A,N/A,,,,,
3|1,1*9|1,,,,N/A,N/A,N/A,,,,,
3|1,3*9|1,1,0,0,[3|1]~~{(+9)}~~>[3*9|1],[3|1]~>[3*9|1],{(+9)}~,2.0,1,1,0,0
3|1,4*9|1,,,,N/A,N/A,N/A,,,,,
3|1,5*9|1,,,,N/A,N/A,N/A,,,,,
3|1,4*5*9|1,,,,N/A,N/A,N/A,,,,,
3|1,10|1,,,,N/A,N/A,N/A,,,,,
3|1,1*10|1,,,,N/A,N/A,N/A,,,,,
3|1,2*10|1,2,1,0,[3|1]~~{(+9)}~~>[3*9|1]~~{(+2  10)}~~>[2*10|1],[3|1]~>[3*9|1]~>[2*10|1],{(+9)}~{(+2  10)}~,5.0,2,3,0,0
3|1,4*10|1,,,,N/A,N/A,N/A,,,,,
3|1,5*10|1,,,,N/A,N/A,N/A,,,,,
3|1,1*7*10|1,,,,N/A,N/A,N/A,,,,,
3|1,2*7*10|1,3,1,0,[3|1]~~{(+9)}~~>[3*9|1]~~{(+2  7  10)}~~>[2*7*10|1],[3|1]~>[3*9|1]~>[2*7*10|1],{(+9)}~{(+2  7  10)}~,6.0,2,4,0,0
3|1,4*7*10|1,,,,N/A,N/A,N/A,,,,,
3|1,1*4*7*10|1,,,,N/A,N/A,N/A,,,,,
3|1,5*7*10|1,,,,N/A,N/A,N/A,,,,,
3|1,8*10|1,,,,N/A,N/A,N/A,,,,,
3|1,4*7*9*10|1,,,,N/A,N/A,N/A,,,,,
3|1,11|1,,,,N/A,N/A,N/A,,,,,
3|1,1*11|1,,,,N/A,N/A,N/A,,,,,
3|1,1*7*11|1,,,,N/A,N/A,N/A,,,,,
3|1,1*4*7*11|1,,,,N/A,N/A,N/A,,,,,
2*3|1,|1,,,,N/A,N/A,N/A,,,,,
2*3|1,1|1,,,,N/A,N/A,N/A,,,,,
2*3|1,2|1,,,,N/A,N/A,N/A,,,,,
2*3|1,3|1,,,,N/A,N/A,N/A,,,,,
2*3|1,4|1,,,,N/A,N/A,N/A,,,,,
2*3|1,5|1,,,,N/A,N/A,N/A,,,,,
2*3|1,6|1,,,,N/A,N/A,N/A,,,,,
2*3|1,4*6|1,,,,N/A,N/A,N/A,,,,,
2*3|1,7|1,,,,N/A,N/A,N/A,,,,,
2*3|1,1*7|1,,,,N/A,N/A,N/A,,,,,
2*3|1,5*7|1,,,,N/A,N/A,N/A,,,,,
2*3|1,1*5*7|1,,,,N/A,N/A,N/A,,,,,
2*3|1,4*5*7|1,,,,N/A,N/A,N/A,,,,,
2*3|1,1*4*5*7|1,,,,N/A,N/A,N/A,,,,,
2*3|1,8|1,,,,N/A,N/A,N/A,,,,,
2*3|1,9|1,,,,N/A,N/A,N/A,,,,,
2*3|1,1*9|1,,,,N/A,N/A,N/A,,,,,
2*3|1,3*9|1,,,,N/A,N/A,N/A,,,,,
2*3|1,4*9|1,,,,N/A,N/A,N/A,,,,,
2*3|1,5*9|1,,,,N/A,N/A,N/A,,,,,
2*3|1,4*5*9|1,,,,N/A,N/A,N/A,,,,,
2*3|1,10|1,,,,N/A,N/A,N/A,,,,,
2*3|1,1*10|1,,,,N/A,N/A,N/A,,,,,
2*3|1,2*10|1,,,,N/A,N/A,N/A,,,,,
2*3|1,4*10|1,,,,N/A,N/A,N/A,,,,,
2*3|1,5*10|1,,,,N/A,N/A,N/A,,,,,
2*3|1,1*7*10|1,,,,N/A,N/A,N/A,,,,,
2*3|1,2*7*10|1,,,,N/A,N/A,N/A,,,,,
2*3|1,4*7*10|1,,,,N/A,N/A,N/A,,,,,
2*3|1,1*4*7*10|1,,,,N/A,N/A,N/A,,,,,
2*3|1,5*7*10|1,,,,N/A,N/A,N/A,,,,,
2*3|1,8*10|1,,,,N/A,N/A,N/A,,,,,
2*3|1,4*7*9*10|1,,,,N/A,N/A,N/A,,,,,
2*3|1,11|1,,,,N/A,N/A,N/A,,,,,
2*3|1,1*11|1,,,,N/A,N/A,N/A,,,,,
2*3|1,1*7*11|1,,,,N/A,N/A,N/A,,,,,
2*3|1,1*4*7*11|1,,,,N/A,N/A,N/A,,,,,
4|1,|1,,,,N/A,N/A,N/A,,,,,
4|1,1|1,1,1,0,[4|1]~~{(+1)}~~>[1|1],[4|1]~>[1|1],{(+1)}~,2.0,1,1,0,0
4|1,2|1,1,1,0,[4|1]~~{(+2)}~~>[2|1],[4|1]~>[2|1],{(+2)}~,2.0,1,1,0,0
4|1,3|1,1,1,0,[4|1]~~{(+3)}~~>[3|1],[4|1]~>[3|1],{(+3)}~,2.0,1,1,0,0
4|1,2*3|1,2,1,0,[4|1]~~{(+2  3)}~~>[2*3|1],[4|1]~>[2*3|1],{(+2  3)}~,3.0,1,2,0,0
4|1,5|1,1,1,0,[4|1]~~{(+5)}~~>[5|1],[4|1]~>[5|1],{(+5)}~,2.0,1,1,0,0
4|1,6|1,,,,N/A,N/A,N/A,,,,,
4|1,4*6|1,,,,N/A,N/A,N/A,,,,,
4|1,7|1,,,,N/A,N/A,N/A,,,,,
4|1,1*7|1,2,1,0,[4|1]~~{(+1  7)}~~>[1*7|1],[4|1]~>[1*7|1],{(+1  7)}~,3.0,1,2,0,0
4|1,5*7|1,2,1,0,[4|1]~~{(+5)}~~>[5|1]~~{(+7)}~~>[5*7|1],[4|1]~>[5|1]~>[5*7|1],{(+5)}~{(+7)}~,4.0,2,2,0,0
4|1,1*5*7|1,3,1,0,[4|1]~~{(+1)}~~>[1|1]~~{(+5  7)}~~>[1*5*7|1],[4|1]~>[1|1]~>[1*5*7|1],{(+1)}~{(+5  7)}~,5.0,2,3,0,0
4|1,4*5*7|1,2,0,0,[4|1]~~{(+5  7)}~~>[4*5*7|1],[4|1]~>[4*5*7|1],{(+5  7)}~,3.0,1,2,0,0
4|1,1*4*5*7|1,3,0,0,[4|1]~~{(+1  5  7)}~~>[1*4*5*7|1],[4|1]~>[1*4*5*7|1],{(+1  5  7)}~,4.0,1,3,0,0
4|1,8|1,,,,N/A,N/A,N/A,,,,,
4|1,9|1,,,,N/A,N/A,N/A,,,,,
4|1,1*9|1,2,1,0,[4|1]~~{(+1  9)}~~>[1*9|1],[4|1]~>[1*9|1],{(+1  9)}~,3.0,1,2,0,0
4|1,3*9|1,2,1,0,[4|1]~~{(+3  9)}~~>[3*9|1],[4|1]~>[3*9|1],{(+3  9)}~,3.0,1,2,0,0
4|1,4*9|1,1,0,0,[4|1]~~{(+9)}~~>[4*9|1],[4|1]~>[4*9|1],{(+9)}~,2.0,1,1,0,0
4|1,5*9|1,2,1,0,[4|1]~~{(+5)}~~>[5|1]~~{(+9)}~~>[5*9|1],[4|1]~>[5|1]~>[5*9|1],{(+5)}~{(+9)}~,4.0,2,2,0,0
4|1,4*5*9|1,2,0,0,[4|1]~~{(+5  9)}~~>[4*5*9|1],[4|1]~>[4*5*9|1],{(+5  9)}~,3.0,1,2,0,0
4|1,10|1,,,,N/A,N/A,N/A,,,,,
4|1,1*10|1,2,1,0,[4|1]~~{(+1  10)}~~>[1*10|1],[4|1]~>[1*10|1],{(+1  10)}~,3.0,1,2,0,0
4|1,2*10|1,2,1,0,[4|1]~~{(+2  10)}~~>[2*10|1],[4|1]~>[2*10|1],{(+2  10)}~,3.0,1,2,0,0
4|1,4*10|1,1,0,0,[4|1]~~{(+10)}~~>[4*10|1],[4|1]~>[4*10|1],{(+10)}~,2.0,1,1,0,0
4|1,5*10|1,2,1,0,[4|1]~~{(+5  10)}~~>[5*10|1],[4|1]~>[5*10|1],{(+5  10)}~,3.0,1,2,0,0
4|1,1*7*10|1,3,1,0,[4|1]~~{(+1)}~~>[1|1]~~{(+7  10)}~~>[1*7*10|1],[4|1]~>[1|1]~>[1*7*10|1],{(+1)}~{(+7  10)}~,5.0,2,3,0,0
4|1,2*7*10|1,3,1,0,[4|1]~~{(+2  7  10)}~~>[2*7*10|1],[4|1]~>[2*7*10|1],{(+2  7  10)}~,4.0,1,3,0,0
4|1,4*7*10|1,2,0,0,[4|1]~~{(+7  10)}~~>[4*7*10|1],[4|1]~>[4*7*10|1],{(+7  10)}~,3.0,1,2,0,0
4|1,1*4*7*10|1,3,0,0,[4|1]~~{(+1  7  10)}~~>[1*4*7*10|1],[4|1]~>[1*4*7*10|1],{(+1  7  10)}~,4.0,1,3,0,0
4|1,5*7*10|1,3,1,0,[4|1]~~{(+5)}~~>[5|1]~~{(+7  10)}~~>[5*7*10|1],[4|1]~>[5|1]~>[5*7*10|1],{(+5)}~{(+7  10)}~,5.0,2,3,0,0
4|1,8*10|1,,,,N/A,N/A,N/A,,,,,
4|1,4*7*9*10|1,3,0,0,[4|1]~~{(+7  9  10)}~~>[4*7*9*10|1],[4|1]~>[4*7*9*10|1],{(+7  9  10)}~,4.0,1,3,0,0
4|1,11|1,,,,N/A,N/A,N/A,,,,,
4|1,1*11|1,2,1,0,[4|1]~~{(+1  11)}~~>[1*11|1],[4|1]~>[1*11|1],{(+1  11)}~,3.0,1,2,0,0
4|1,1*7*11|1,3,1,0,[4|1]~~{(+1)}~~>[1|1]~~{(+7  11)}~~>[1*7*11|1],[4|1]~>[1|1]~>[1*7*11|1],{(+1)}~{(+7  11)}~,5.0,2,3,0,0
4|1,1*4*7*11|1,3,0,0,[4|1]~~{(+1  7  11)}~~>[1*4*7*11|1],[4|1]~>[1*4*7*11|1],{(+1  7  11)}~,4.0,1,3,0,0
5|1,|1,,,,N/A,N/A,N/A,,,,,
5|1,1|1,,,,N/A,N/A,N/A,,,,,
5|1,2|1,1,1,0,[5|1]~~{(+2)}~~>[2|1],[5|1]~>[2|1],{(+2)}~,2.0,1,1,0,0
5|1,3|1,,,,N/A,N/A,N/A,,,,,
5|1,2*3|1,2,1,0,[5|1]~~{(+2  3)}~~>[2*3|1],[5|1]~>[2*3|1],{(+2  3)}~,3.0,1,2,0,0
5|1,4|1,,,,N/A,N/A,N/A,,,,,
5|1,6|1,,,,N/A,N/A,N/A,,,,,
5|1,4*6|1,,,,N/A,N/A,N/A,,,,,
5|1,7|1,,,,N/A,N/A,N/A,,,,,
5|1,1*7|1,,,,N/A,N/A,N/A,,,,,
5|1,5*7|1,1,0,0,[5|1]~~{(+7)}~~>[5*7|1],[5|1]~>[5*7|1],{(+7)}~,2.0,1,1,0,0
5|1,1*5*7|1,2,0,0,[5|1]~~{(+1  7)}~~>[1*5*7|1],[5|1]~>[1*5*7|1],{(+1  7)}~,3.0,1,2,0,0
5|1,4*5*7|1,2,0,0,[5|1]~~{(+4  7)}~~>[4*5*7|1],[5|1]~>[4*5*7|1],{(+4  7)}~,3.0,1,2,0,0
5|1,1*4*5*7|1,3,0,0,[5|1]~~{(+7)}~~>[5*7|1]~~{(+1  4)}~~>[1*4*5*7|1],[5|1]~>[5*7|1]~>[1*4*5*7|1],{(+7)}~{(+1  4)}~,5.0,2,3,0,0
5|1,8|1,,,,N/A,N/A,N/A,,,,,
5|1,9|1,,,,N/A,N/A,N/A,,,,,
5|1,1*9|1,2,1,0,[5|1]~~{(+1  9)}~~>[1*9|1],[5|1]~>[1*9|1],{(+1  9)}~,3.0,1,2,0,0
5|1,3*9|1,,,,N/A,N/A,N/A,,,,,
5|1,4*9|1,,,,N/A,N/A,N/A,,,,,
5|1,5*9|1,1,0,0,[5|1]~~{(+9)}~~>[5*9|1],[5|1]~>[5*9|1],{(+9)}~,2.0,1,1,0,0
5|1,4*5*9|1,2,0,0,[5|1]~~{(+4  9)}~~>[4*5*9|1],[5|1]~>[4*5*9|1],{(+4  9)}~,3.0,1,2,0,0
5|1,10|1,,,,N/A,N/A,N/A,,,,,
5|1,1*10|1,,,,N/A,N/A,N/A,,,,,
5|1,2*10|1,2,1,0,[5|1]~~{(+2  10)}~~>[2*10|1],[5|1]~>[2*10|1],{(+2  10)}~,3.0,1,2,0,0
5|1,4*10|1,,,,N/A,N/A,N/A,,,,,
5|1,5*10|1,1,0,0,[5|1]~~{(+10)}~~>[5*10|1],[5|1]~>[5*10|1],{(+10)}~,2.0,1,1,0,0
5|1,1*7*10|1,3,1,0,[5|1]~~{(+1  7  10)}~~>[1*7*10|1],[5|1]~>[1*7*10|1],{(+1  7  10)}~,4.0,1,3,0,0
5|1,2*7*10|1,3,1,0,[5|1]~~{(+2  7  10)}~~>[2*7*10|1],[5|1]~>[2*7*10|1],{(+2  7  10)}~,4.0,1,3,0,0
5|1,4*7*10|1,3,1,0,[5|1]~~{(+4  7  10)}~~>[4*7*10|1],[5|1]~>[4*7*10|1],{(+4  7  10)}~,4.0,1,3,0,0
5|1,1*4*7*10|1,4,1,0,[5|1]~~{(+7)}~~>[5*7|1]~~{(+1  4  10)}~~>[1*4*7*10|1],[5|1]~>[5*7|1]~>[1*4*7*10|1],{(+7)}~{(+1  4  10)}~,6.0,2,4,0,0
5|1,5*7*10|1,2,0,0,[5|1]~~{(+7  10)}~~>[5*7*10|1],[5|1]~>[5*7*10|1],{(+7  10)}~,3.0,1,2,0,0
5|1,8*10|1,,,,N/A,N/A,N/A,,,,,
5|1,4*7*9*10|1,4,1,0,[5|1]~~{(+4  7)}~~>[4*5*7|1]~~{(+9  10)}~~>[4*7*9*10|1],[5|1]~>[4*5*7|1]~>[4*7*9*10|1],{(+4  7)}~{(+9  10)}~,6.0,2,4,0,0
5|1,11|1,,,,N/A,N/A,N/A,,,,,
5|1,1*11|1,,,,N/A,N/A,N/A,,,,,
5|1,1*7*11|1,,,,N/A,N/A,N/A,,,,,
5|1,1*4*7*11|1,,,,N/A,N/A,N/A,,,,,
6|1,|1,,,,N/A,N/A,N/A,,,,,
6|1,1|1,1,1,0,[6|1]~~{(+4)}~~>[4*6|1]~~{(+1)}~~>[1|1],[6|1]~>[4*6|1]~>[1|1],{(+4)}~{(+1)}~,4.0,2,2,0,0
6|1,2|1,1,1,0,[6|1]~~{(+2)}~~>[2|1],[6|1]~>[2|1],{(+2)}~,2.0,1,1,0,0
6|1,3|1,1,1,0,[6|1]~~{(+3)}~~>[3|1],[6|1]~>[3|1],{(+3)}~,2.0,1,1,0,0
6|1,2*3|1,2,1,0,[6|1]~~{(+2  3)}~~>[2*3|1],[6|1]~>[2*3|1],{(+2  3)}~,3.0,1,2,0,0
6|1,4|1,,,,N/A,N/A,N/A,,,,,
6|1,5|1,1,1,0,[6|1]~~{(+4  5)}~~>[5|1],[6|1]~>[5|1],{(+4  5)}~,3.0,1,2,0,0
6|1,4*6|1,1,0,0,[6|1]~~{(+4)}~~>[4*6|1],[6|1]~>[4*6|1],{(+4)}~,2.0,1,1,0,0
6|1,7|1,,,,N/A,N/A,N/A,,,,,
6|1,1*7|1,2,1,0,[6|1]~~{(+4)}~~>[4*6|1]~~{(+1  7)}~~>[1*7|1],[6|1]~>[4*6|1]~>[1*7|1],{(+4)}~{(+1  7)}~,5.0,2,3,0,0
6|1,5*7|1,2,1,0,[6|1]~~{(+4  5  7)}~~>[5*7|1],[6|1]~>[5*7|1],{(+4  5  7)}~,4.0,1,3,0,0
6|1,1*5*7|1,3,1,0,[6|1]~~{(+4  5)}~~>[5|1]~~{(+1  7)}~~>[1*5*7|1],[6|1]~>[5|1]~>[1*5*7|1],{(+4  5)}~{(+1  7)}~,6.0,2,4,0,0
6|1,4*5*7|1,3,1,0,[6|1]~~{(+4)}~~>[4*6|1]~~{(+5  7)}~~>[4*5*7|1],[6|1]~>[4*6|1]~>[4*5*7|1],{(+4)}~{(+5  7)}~,5.0,2,3,0,0
6|1,1*4*5*7|1,4,1,0,[6|1]~~{(+4)}~~>[4*6|1]~~{(+1  5  7)}~~>[1*4*5*7|1],[6|1]~>[4*6|1]~>[1*4*5*7|1],{(+4)}~{(+1  5  7)}~,6.0,2,4,0,0
6|1,8|1,,,,N/A,N/A,N/A,,,,,
6|1,9|1,,,,N/A,N/A,N/A,,,,,
6|1,1*9|1,2,1,0,[6|1]~~{(+4)}~~>[4*6|1]~~{(+1  9)}~~>[1*9|1],[6|1]~>[4*6|1]~>[1*9|1],{(+4)}~{(+1  9)}~,5.0,2,3,0,0
6|1,3*9|1,2,1,0,[6|1]~~{(+3  9)}~~>[3*9|1],[6|1]~>[3*9|1],{(+3  9)}~,3.0,1,2,0,0
6|1,4*9|1,2,1,0,[6|1]~~{(+4)}~~>[4*6|1]~~{(+9)}~~>[4*9|1],[6|1]~>[4*6|1]~>[4*9|1],{(+4)}~{(+9)}~,4.0,2,2,0,0
6|1,5*9|1,2,1,0,[6|1]~~{(+4  5)}~~>[5|1]~~{(+9)}~~>[5*9|1],[6|1]~>[5|1]~>[5*9|1],{(+4  5)}~{(+9)}~,5.0,2,3,0,0
6|1,4*5*9|1,3,1,0,[6|1]~~{(+4  5  9)}~~>[4*5*9|1],[6|1]~>[4*5*9|1],{(+4  5  9)}~,4.0,1,3,0,0
6|1,10|1,,,,N/A,N/A,N/A,,,,,
6|1,1*10|1,2,1,0,[6|1]~~{(+4)}~~>[4*6|1]~~{(+1  10)}~~>[1*10|1],[6|1]~>[4*6|1]~>[1*10|1],{(+4)}~{(+1  10)}~,5.0,2,3,0,0
6|1,2*10|1,2,1,0,[6|1]~~{(+2  10)}~~>[2*10|1],[6|1]~>[2*10|1],{(+2  10)}~,3.0,1,2,0,0
6|1,4*10|1,2,1,0,[6|1]~~{(+4  10)}~~>[4*10|1],[6|1]~>[4*10|1],{(+4  10)}~,3.0,1,2,0,0
6|1,5*10|1,2,1,0,[6|1]~~{(+4  5  10)}~~>[5*10|1],[6|1]~>[5*10|1],{(+4  5  10)}~,4.0,1,3,0,0
6|1,1*7*10|1,3,1,0,[6|1]~~{(+4  5)}~~>[5|1]~~{(+1  7  10)}~~>[1*7*10|1],[6|1]~>[5|1]~>[1*7*10|1],{(+4  5)}~{(+1  7  10)}~,7.0,2,5,0,0
6|1,2*7*10|1,3,1,0,[6|1]~~{(+2  7  10)}~~>[2*7*10|1],[6|1]~>[2*7*10|1],{(+2  7  10)}~,4.0,1,3,0,0
6|1,4*7*10|1,3,1,0,[6|1]~~{(+4  7  10)}~~>[4*7*10|1],[6|1]~>[4*7*10|1],{(+4  7  10)}~,4.0,1,3,0,0
6|1,1*4*7*10|1,4,1,0,[6|1]~~{(+4)}~~>[4*6|1]~~{(+1  7  10)}~~>[1*4*7*10|1],[6|1]~>[4*6|1]~>[1*4*7*10|1],{(+4)}~{(+1  7  10)}~,6.0,2,4,0,0
6|1,5*7*10|1,3,1,0,[6|1]~~{(+4  5)}~~>[5|1]~~{(+7  10)}~~>[5*7*10|1],[6|1]~>[5|1]~>[5*7*10|1],{(+4  5)}~{(+7  10)}~,6.0,2,4,0,0
6|1,8*10|1,,,,N/A,N/A,N/A,,,,,
6|1,4*7*9*10|1,4,1,0,[6|1]~~{(+4)}~~>[4*6|1]~~{(+7  9  10)}~~>[4*7*9*10|1],[6|1]~>[4*6|1]~>[4*7*9*10|1],{(+4)}~{(+7  9  10)}~,6.0,2,4,0,0
6|1,11|1,,,,N/A,N/A,N/A,,,,,
6|1,1*11|1,2,1,0,[6|1]~~{(+4)}~~>[4*6|1]~~{(+1  11)}~~>[1*11|1],[6|1]~>[4*6|1]~>[1*11|1],{(+4)}~{(+1  11)}~,5.0,2,3,0,0
6|1,1*7*11|1,3,1,0,[6|1]~~{(+4)}~~>[4*6|1]~~{(+1)}~~>[1|1]~~{(+7  11)}~~>[1*7*11|1],[6|1]~>[4*6|1]~>[1|1]~>[1*7*11|1],{(+4)}~{(+1)}~{(+7  11)}~,7.0,3,4,0,0
6|1,1*4*7*11|1,4,1,0,[6|1]~~{(+4)}~~>[4*6|1]~~{(+1  7  11)}~~>[1*4*7*11|1],[6|1]~>[4*6|1]~>[1*4*7*11|1],{(+4)}~{(+1  7  11)}~,6.0,2,4,0,0
4*6|1,|1,,,,N/A,N/A,N/A,,,,,
4*6|1,1|1,1,2,0,[4*6|1]~~{(+1)}~~>[1|1],[4*6|1]~>[1|1],{(+1)}~,2.0,1,1,0,0
4*6|1,2|1,1,2,0,[4*6|1]~~{(+2)}~~>[2|1],[4*6|1]~>[2|1],{(+2)}~,2.0,1,1,0,0
4*6|1,3|1,1,2,0,[4*6|1]~~{(+3)}~~>[3|1],[4*6|1]~>[3|1],{(+3)}~,2.0,1,1,0,0
4*6|1,2*3|1,2,2,0,[4*6|1]~~{(+2  3)}~~>[2*3|1],[4*6|1]~>[2*3|1],{(+2  3)}~,3.0,1,2,0,0
4*6|1,4|1,,,,N/A,N/A,N/A,,,,,
4*6|1,5|1,1,2,0,[4*6|1]~~{(+5)}~~>[5|1],[4*6|1]~>[5|1],{(+5)}~,2.0,1,1,0,0
4*6|1,6|1,,,,N/A,N/A,N/A,,,,,
4*6|1,7|1,,,,N/A,N/A,N/A,,,,,
4*6|1,1*7|1,2,2,0,[4*6|1]~~{(+1  7)}~~>[1*7|1],[4*6|1]~>[1*7|1],{(+1  7)}~,3.0,1,2,0,0
4*6|1,5*7|1,2,2,0,[4*6|1]~~{(+5)}~~>[5|1]~~{(+7)}~~>[5*7|1],[4*6|1]~>[5|1]~>[5*7|1],{(+5)}~{(+7)}~,4.0,2,2,0,0
4*6|1,1*5*7|1,3,2,0,[4*6|1]~~{(+1)}~~>[1|1]~~{(+5  7)}~~>[1*5*7|1],[4*6|1]~>[1|1]~>[1*5*7|1],{(+1)}~{(+5  7)}~,5.0,2,3,0,0
4*6|1,4*5*7|1,2,1,0,[4*6|1]~~{(+5  7)}~~>[4*5*7|1],[4*6|1]~>[4*5*7|1],{(+5  7)}~,3.0,1,2,0,0
4*6|1,1*4*5*7|1,3,1,0,[4*6|1]~~{(+1  5  7)}~~>[1*4*5*7|1],[4*6|1]~>[1*4*5*7|1],{(+1  5  7)}~,4.0,1,3,0,0
4*6|1,8|1,,,,N/A,N/A,N/A,,,,,
4*6|1,9|1,,,,N/A,N/A,N/A,,,,,
4*6|1,1*9|1,2,2,0,[4*6|1]~~{(+1  9)}~~>[1*9|1],[4*6|1]~>[1*9|1],{(+1  9)}~,3.0,1,2,0,0
4*6|1,3*9|1,2,2,0,[4*6|1]~~{(+3  9)}~~>[3*9|1],[4*6|1]~>[3*9|1],{(+3  9)}~,3.0,1,2,0,0
4*6|1,4*9|1,1,1,0,[4*6|1]~~{(+9)}~~>[4*9|1],[4*6|1]~>[4*9|1],{(+9)}~,2.0,1,1,0,0
4*6|1,5*9|1,2,2,0,[4*6|1]~~{(+5)}~~>[5|1]~~{(+9)}~~>[5*9|1],[4*6|1]~>[5|1]~>[5*9|1],{(+5)}~{(+9)}~,4.0,2,2,0,0
4*6|1,4*5*9|1,2,1,0,[4*6|1]~~{(+5  9)}~~>[4*5*9|1],[4*6|1]~>[4*5*9|1],{(+5  9)}~,3.0,1,2,0,0
4*6|1,10|1,,,,N/A,N/A,N/A,,,,,
4*6|1,1*10|1,2,2,0,[4*6|1]~~{(+1  10)}~~>[1*10|1],[4*6|1]~>[1*10|1],{(+1  10)}~,3.0,1,2,0,0
4*6|1,2*10|1,2,2,0,[4*6|1]~~{(+2  10)}~~>[2*10|1],[4*6|1]~>[2*10|1],{(+2  10)}~,3.0,1,2,0,0
4*6|1,4*10|1,1,1,0,[4*6|1]~~{(+10)}~~>[4*10|1],[4*6|1]~>[4*10|1],{(+10)}~,2.0,1,1,0,0
4*6|1,5*10|1,2,2,0,[4*6|1]~~{(+5  10)}~~>[5*10|1],[4*6|1]~>[5*10|1],{(+5  10)}~,3.0,1,2,0,0
4*6|1,1*7*10|1,3,2,0,[4*6|1]~~{(+1)}~~>[1|1]~~{(+7  10)}~~>[1*7*10|1],[4*6|1]~>[1|1]~>[1*7*10|1],{(+1)}~{(+7  10)}~,5.0,2,3,0,0
4*6|1,2*7*10|1,3,2,0,[4*6|1]~~{(+2  7  10)}~~>[2*7*10|1],[4*6|1]~>[2*7*10|1],{(+2  7  10)}~,4.0,1,3,0,0
4*6|1,4*7*10|1,2,1,0,[4*6|1]~~{(+7  10)}~~>[4*7*10|1],[4*6|1]~>[4*7*10|1],{(+7  10)}~,3.0,1,2,0,0
4*6|1,1*4*7*10|1,3,1,0,[4*6|1]~~{(+1  7  10)}~~>[1*4*7*10|1],[4*6|1]~>[1*4*7*10|1],{(+1  7  10)}~,4.0,1,3,0,0
4*6|1,5*7*10|1,3,2,0,[4*6|1]~~{(+5)}~~>[5|1]~~{(+7  10)}~~>[5*7*10|1],[4*6|1]~>[5|1]~>[5*7*10|1],{(+5)}~{(+7  10)}~,5.0,2,3,0,0
4*6|1,8*10|1,,,,N/A,N/A,N/A,,,,,
4*6|1,4*7*9*10|1,3,1,0,[4*6|1]~~{(+7  9  10)}~~>[4*7*9*10|1],[4*6|1]~>[4*7*9*10|1],{(+7  9  10)}~,4.0,1,3,0,0
4*6|1,11|1,,,,N/A,N/A,N/A,,,,,
4*6|1,1*11|1,2,2,0,[4*6|1]~~{(+1  11)}~~>[1*11|1],[4*6|1]~>[1*11|1],{(+1  11)}~,3.0,1,2,0,0
4*6|1,1*7*11|1,3,2,0,[4*6|1]~~{(+1)}~~>[1|1]~~{(+7  11)}~~>[1*7*11|1],[4*6|1]~>[1|1]~>[1*7*11|1],{(+1)}~{(+7  11)}~,5.0,2,3,0,0
4*6|1,1*4*7*11|1,3,1,0,[4*6|1]~~{(+1  7  11)}~~>[1*4*7*11|1],[4*6|1]~>[1*4*7*11|1],{(+1  7  11)}~,4.0,1,3,0,0
7|1,|1,,,,N/A,N/A,N/A,,,,,
7|1,1|1,1,1,0,[7|1]~~{(+4)}~~>[4|1]~~{(+1)}~~>[1|1],[7|1]~>[4|1]~>[1|1],{(+4)}~{(+1)}~,4.0,2,2,0,0
7|1,2|1,1,1,0,[7|1]~~{(+2)}~~>[2|1],[7|1]~>[2|1],{(+2)}~,2.0,1,1,0,0
7|1,3|1,1,1,0,[7|1]~~{(+3)}~~>[3|1],[7|1]~>[3|1],{(+3)}~,2.0,1,1,0,0
7|1,2*3|1,2,1,0,[7|1]~~{(+2  3)}~~>[2*3|1],[7|1]~>[2*3|1],{(+2  3)}~,3.0,1,2,0,0
7|1,4|1,1,1,0,[7|1]~~{(+4)}~~>[4|1],[7|1]~>[4|1],{(+4)}~,2.0,1,1,0,0
7|1,5|1,1,1,0,[7|1]~~{(+4)}~~>[4|1]~~{(+5)}~~>[5|1],[7|1]~>[4|1]~>[5|1],{(+4)}~{(+5)}~,4.0,2,2,0,0
7|1,6|1,,,,N/A,N/A,N/A,,,,,
7|1,4*6|1,,,,N/A,N/A,N/A,,,,,
7|1,1*7|1,1,0,0,[7|1]~~{(+1)}~~>[1*7|1],[7|1]~>[1*7|1],{(+1)}~,2.0,1,1,0,0
7|1,5*7|1,1,0,0,[7|1]~~{(+5)}~~>[5*7|1],[7|1]~>[5*7|1],{(+5)}~,2.0,1,1,0,0
7|1,1*5*7|1,2,0,0,[7|1]~~{(+1  5)}~~>[1*5*7|1],[7|1]~>[1*5*7|1],{(+1  5)}~,3.0,1,2,0,0
7|1,4*5*7|1,2,0,0,[7|1]~~{(+4  5)}~~>[4*5*7|1],[7|1]~>[4*5*7|1],{(+4  5)}~,3.0,1,2,0,0
7|1,1*4*5*7|1,3,0,0,[7|1]~~{(+1  4  5)}~~>[1*4*5*7|1],[7|1]~>[1*4*5*7|1],{(+1  4  5)}~,4.0,1,3,0,0
7|1,8|1,,,,N/A,N/A,N/A,,,,,
7|1,9|1,1,1,0,[7|1]~~{(+9)}~~>[9|1],[7|1]~>[9|1],{(+9)}~,2.0,1,1,0,0
7|1,1*9|1,2,1,0,[7|1]~~{(+1  9)}~~>[1*9|1],[7|1]~>[1*9|1],{(+1  9)}~,3.0,1,2,0,0
7|1,3*9|1,2,1,0,[7|1]~~{(+3  9)}~~>[3*9|1],[7|1]~>[3*9|1],{(+3  9)}~,3.0,1,2,0,0
7|1,4*9|1,2,1,0,[7|1]~~{(+4  9)}~~>[4*9|1],[7|1]~>[4*9|1],{(+4  9)}~,3.0,1,2,0,0
7|1,5*9|1,2,1,0,[7|1]~~{(+5  9)}~~>[5*9|1],[7|1]~>[5*9|1],{(+5  9)}~,3.0,1,2,0,0
7|1,4*5*9|1,3,1,0,[7|1]~~{(+4  5  9)}~~>[4*5*9|1],[7|1]~>[4*5*9|1],{(+4  5  9)}~,4.0,1,3,0,0
7|1,10|1,,,,N/A,N/A,N/A,,,,,
7|1,1*10|1,2,1,0,[7|1]~~{(+4)}~~>[4|1]~~{(+1  10)}~~>[1*10|1],[7|1]~>[4|1]~>[1*10|1],{(+4)}~{(+1  10)}~,5.0,2,3,0,0
7|1,2*10|1,2,1,0,[7|1]~~{(+2)}~~>[2|1]~~{(+10)}~~>[2*10|1],[7|1]~>[2|1]~>[2*10|1],{(+2)}~{(+10)}~,4.0,2,2,0,0
7|1,4*10|1,2,1,0,[7|1]~~{(+4)}~~>[4|1]~~{(+10)}~~>[4*10|1],[7|1]~>[4|1]~>[4*10|1],{(+4)}~{(+10)}~,4.0,2,2,0,0
7|1,5*10|1,2,1,0,[7|1]~~{(+4)}~~>[4|1]~~{(+5  10)}~~>[5*10|1],[7|1]~>[4|1]~>[5*10|1],{(+4)}~{(+5  10)}~,5.0,2,3,0,0
7|1,1*7*10|1,2,0,0,[7|1]~~{(+1  10)}~~>[1*7*10|1],[7|1]~>[1*7*10|1],{(+1  10)}~,3.0,1,2,0,0
7|1,2*7*10|1,2,0,0,[7|1]~~{(+2  10)}~~>[2*7*10|1],[7|1]~>[2*7*10|1],{(+2  10)}~,3.0,1,2,0,0
7|1,4*7*10|1,2,0,0,[7|1]~~{(+4  10)}~~>[4*7*10|1],[7|1]~>[4*7*10|1],{(+4  10)}~,3.0,1,2,0,0
7|1,1*4*7*10|1,3,0,0,[7|1]~~{(+1  4  10)}~~>[1*4*7*10|1],[7|1]~>[1*4*7*10|1],{(+1  4  10)}~,4.0,1,3,0,0
7|1,5*7*10|1,2,0,0,[7|1]~~{(+5  10)}~~>[5*7*10|1],[7|1]~>[5*7*10|1],{(+5  10)}~,3.0,1,2,0,0
7|1,8*10|1,,,,N/A,N/A,N/A,,,,,
7|1,4*7*9*10|1,3,0,0,[7|1]~~{(+4  9  10)}~~>[4*7*9*10|1],[7|1]~>[4*7*9*10|1],{(+4  9  10)}~,4.0,1,3,0,0
7|1,11|1,,,,N/A,N/A,N/A,,,,,
7|1,1*11|1,2,1,0,[7|1]~~{(+4)}~~>[4|1]~~{(+1  11)}~~>[1*11|1],[7|1]~>[4|1]~>[1*11|1],{(+4)}~{(+1  11)}~,5.0,2,3,0,0
7|1,1*7*11|1,2,0,0,[7|1]~~{(+1  11)}~~>[1*7*11|1],[7|1]~>[1*7*11|1],{(+1  11)}~,3.0,1,2,0,0
7|1,1*4*7*11|1,3,0,0,[7|1]~~{(+1  4  11)}~~>[1*4*7*11|1],[7|1]~>[1*4*7*11|1],{(+1  4  11)}~,4.0,1,3,0,0
1*7|1,|1,,,,N/A,N/A,N/A,,,,,
1*7|1,1|1,,,,N/A,N/A,N/A,,,,,
1*7|1,2|1,1,2,0,[1*7|1]~~{(+2)}~~>[2|1],[1*7|1]~>[2|1],{(+2)}~,2.0,1,1,0,0
1*7|1,3|1,1,2,0,[1*7|1]~~{(+3)}~~>[3|1],[1*7|1]~>[3|1],{(+3)}~,2.0,1,1,0,0
1*7|1,2*3|1,2,2,0,[1*7|1]~~{(+2  3)}~~>[2*3|1],[1*7|1]~>[2*3|1],{(+2  3)}~,3.0,1,2,0,0
1*7|1,4|1,,,,N/A,N/A,N/A,,,,,
1*7|1,5|1,,,,N/A,N/A,N/A,,,,,
1*7|1,6|1,,,,N/A,N/A,N/A,,,,,
1*7|1,4*6|1,,,,N/A,N/A,N/A,,,,,
1*7|1,7|1,,,,N/A,N/A,N/A,,,,,
1*7|1,5*7|1,,,,N/A,N/A,N/A,,,,,
1*7|1,1*5*7|1,1,0,0,[1*7|1]~~{(+5)}~~>[1*5*7|1],[1*7|1]~>[1*5*7|1],{(+5)}~,2.0,1,1,0,0
1*7|1,4*5*7|1,,,,N/A,N/A,N/A,,,,,
1*7|1,1*4*5*7|1,2,0,0,[1*7|1]~~{(+5)}~~>[1*5*7|1]~~{(+4)}~~>[1*4*5*7|1],[1*7|1]~>[1*5*7|1]~>[1*4*5*7|1],{(+5)}~{(+4)}~,4.0,2,2,0,0
1*7|1,8|1,,,,N/A,N/A,N/A,,,,,
1*7|1,9|1,,,,N/A,N/A,N/A,,,,,
1*7|1,1*9|1,1,1,0,[1*7|1]~~{(+9)}~~>[1*9|1],[1*7|1]~>[1*9|1],{(+9)}~,2.0,1,1,0,0
1*7|1,3*9|1,2,2,0,[1*7|1]~~{(+3)}~~>[3|1]~~{(+9)}~~>[3*9|1],[1*7|1]~>[3|1]~>[3*9|1],{(+3)}~{(+9)}~,4.0,2,2,0,0
1*7|1,4*9|1,,,,N/A,N/A,N/A,,,,,
1*7|1,5*9|1,,,,N/A,N/A,N/A,,,,,
1*7|1,4*5*9|1,,,,N/A,N/A,N/A,,,,,
1*7|1,10|1,,,,N/A,N/A,N/A,,,,,
1*7|1,1*10|1,,,,N/A,N/A,N/A,,,,,
1*7|1,2*10|1,2,2,0,[1*7|1]~~{(+2)}~~>[2|1]~~{(+10)}~~>[2*10|1],[1*7|1]~>[2|1]~>[2*10|1],{(+2)}~{(+10)}~,4.0,2,2,0,0
1*7|1,4*10|1,,,,N/A,N/A,N/A,,,,,
1*7|1,5*10|1,,,,N/A,N/A,N/A,,,,,
1*7|1,1*7*10|1,1,0,0,[1*7|1]~~{(+10)}~~>[1*7*10|1],[1*7|1]~>[1*7*10|1],{(+10)}~,2.0,1,1,0,0
1*7|1,2*7*10|1,2,1,0,[1*7|1]~~{(+2  10)}~~>[2*7*10|1],[1*7|1]~>[2*7*10|1],{(+2  10)}~,3.0,1,2,0,0
1*7|1,4*7*10|1,,,,N/A,N/A,N/A,,,,,
1*7|1,1*4*7*10|1,2,0,0,[1*7|1]~~{(+4  10)}~~>[1*4*7*10|1],[1*7|1]~>[1*4*7*10|1],{(+4  10)}~,3.0,1,2,0,0
1*7|1,5*7*10|1,,,,N/A,N/A,N/A,,,,,
1*7|1,8*10|1,,,,N/A,N/A,N/A,,,,,
1*7|1,4*7*9*10|1,,,,N/A,N/A,N/A,,,,,
1*7|1,11|1,,,,N/A,N/A,N/A,,,,,
1*7|1,1*11|1,,,,N/A,N/A,N/A,,,,,
1*7|1,1*7*11|1,1,0,0,[1*7|1]~~{(+11)}~~>[1*7*11|1],[1*7|1]~>[1*7*11|1],{(+11)}~,2.0,1,1,0,0
1*7|1,1*4*7*11|1,2,0,0,[1*7|1]~~{(+4  11)}~~>[1*4*7*11|1],[1*7|1]~>[1*4*7*11|1],{(+4  11)}~,3.0,1,2,0,0
5*7|1,|1,,,,N/A,N/A,N/A,,,,,
5*7|1,1|1,,,,N/A,N/A,N/A,,,,,
5*7|1,2|1,1,2,0,[5*7|1]~~{(+2)}~~>[2|1],[5*7|1]~>[2|1],{(+2)}~,2.0,1,1,0,0
5*7|1,3|1,,,,N/A,N/A,N/A,,,,,
5*7|1,2*3|1,2,2,0,[5*7|1]~~{(+2  3)}~~>[2*3|1],[5*7|1]~>[2*3|1],{(+2  3)}~,3.0,1,2,0,0
5*7|1,4|1,,,,N/A,N/A,N/A,,,,,
5*7|1,5|1,,,,N/A,N/A,N/A,,,,,
5*7|1,6|1,,,,N/A,N/A,N/A,,,,,
5*7|1,4*6|1,,,,N/A,N/A,N/A,,,,,
5*7|1,7|1,,,,N/A,N/A,N/A,,,,,
5*7|1,1*7|1,,,,N/A,N/A,N/A,,,,,
5*7|1,1*5*7|1,1,0,0,[5*7|1]~~{(+1)}~~>[1*5*7|1],[5*7|1]~>[1*5*7|1],{(+1)}~,2.0,1,1,0,0
5*7|1,4*5*7|1,1,0,0,[5*7|1]~~{(+4)}~~>[4*5*7|1],[5*7|1]~>[4*5*7|1],{(+4)}~,2.0,1,1,0,0
5*7|1,1*4*5*7|1,2,0,0,[5*7|1]~~{(+1  4)}~~>[1*4*5*7|1],[5*7|1]~>[1*4*5*7|1],{(+1  4)}~,3.0,1,2,0,0
5*7|1,8|1,,,,N/A,N/A,N/A,,,,,
5*7|1,9|1,,,,N/A,N/A,N/A,,,,,
5*7|1,1*9|1,2,2,0,[5*7|1]~~{(+1  9)}~~>[1*9|1],[5*7|1]~>[1*9|1],{(+1  9)}~,3.0,1,2,0,0
5*7|1,3*9|1,,,,N/A,N/A,N/A,,,,,
5*7|1,4*9|1,,,,N/A,N/A,N/A,,,,,
5*7|1,5*9|1,1,1,0,[5*7|1]~~{(+9)}~~>[5*9|1],[5*7|1]~>[5*9|1],{(+9)}~,2.0,1,1,0,0
5*7|1,4*5*9|1,2,1,0,[5*7|1]~~{(+4  9)}~~>[4*5*9|1],[5*7|1]~>[4*5*9|1],{(+4  9)}~,3.0,1,2,0,0
5*7|1,10|1,,,,N/A,N/A,N/A,,,,,
5*7|1,1*10|1,,,,N/A,N/A,N/A,,,,,
5*7|1,2*10|1,2,2,0,[5*7|1]~~{(+2)}~~>[2|1]~~{(+10)}~~>[2*10|1],[5*7|1]~>[2|1]~>[2*10|1],{(+2)}~{(+10)}~,4.0,2,2,0,0
5*7|1,4*10|1,,,,N/A,N/A,N/A,,,,,
5*7|1,5*10|1,1,1,0,[5*7|1]~~{(+4  9)}~~>[4*5*9|1]~~{(+10)}~~>[5*10|1],[5*7|1]~>[4*5*9|1]~>[5*10|1],{(+4  9)}~{(+10)}~,5.0,2,3,0,0
5*7|1,1*7*10|1,2,1,0,[5*7|1]~~{(+1  10)}~~>[1*7*10|1],[5*7|1]~>[1*7*10|1],{(+1  10)}~,3.0,1,2,0,0
5*7|1,2*7*10|1,2,1,0,[5*7|1]~~{(+2  10)}~~>[2*7*10|1],[5*7|1]~>[2*7*10|1],{(+2  10)}~,3.0,1,2,0,0
5*7|1,4*7*10|1,2,1,0,[5*7|1]~~{(+4  10)}~~>[4*7*10|1],[5*7|1]~>[4*7*10|1],{(+4  10)}~,3.0,1,2,0,0
5*7|1,1*4*7*10|1,3,1,0,[5*7|1]~~{(+1  4  10)}~~>[1*4*7*10|1],[5*7|1]~>[1*4*7*10|1],{(+1  4  10)}~,4.0,1,3,0,0
5*7|1,5*7*10|1,1,0,0,[5*7|1]~~{(+10)}~~>[5*7*10|1],[5*7|1]~>[5*7*10|1],{(+10)}~,2.0,1,1,0,0
5*7|1,8*10|1,,,,N/A,N/A,N/A,,,,,
5*7|1,4*7*9*10|1,3,1,0,[5*7|1]~~{(+4)}~~>[4*5*7|1]~~{(+9  10)}~~>[4*7*9*10|1],[5*7|1]~>[4*5*7|1]~>[4*7*9*10|1],{(+4)}~{(+9  10)}~,5.0,2,3,0,0
5*7|1,11|1,,,,N/A,N/A,N/A,,,,,
5*7|1,1*11|1,,,,N/A,N/A,N/A,,,,,
5*7|1,1*7*11|1,,,,N/A,N/A,N/A,,,,,
5*7|1,1*4*7*11|1,,,,N/A,N/A,N/A,,,,,
1*5*7|1,|1,,,,N/A,N/A,N/A,,,,,
1*5*7|1,1|1,,,,N/A,N/A,N/A,,,,,
1*5*7|1,2|1,1,3,0,[1*5*7|1]~~{(+2)}~~>[2|1],[1*5*7|1]~>[2|1],{(+2)}~,2.0,1,1,0,0
1*5*7|1,3|1,,,,N/A,N/A,N/A,,,,,
1*5*7|1,2*3|1,2,3,0,[1*5*7|1]~~{(+2  3)}~~>[2*3|1],[1*5*7|1]~>[2*3|1],{(+2  3)}~,3.0,1,2,0,0
1*5*7|1,4|1,,,,N/A,N/A,N/A,,,,,
1*5*7|1,5|1,,,,N/A,N/A,N/A,,,,,
1*5*7|1,6|1,,,,N/A,N/A,N/A,,,,,
1*5*7|1,4*6|1,,,,N/A,N/A,N/A,,,,,
1*5*7|1,7|1,,,,N/A,N/A,N/A,,,,,
1*5*7|1,1*7|1,,,,N/A,N/A,N/A,,,,,
1*5*7|1,5*7|1,,,,N/A,N/A,N/A,,,,,
1*5*7|1,4*5*7|1,,,,N/A,N/A,N/A,,,,,
1*5*7|1,1*4*5*7|1,1,0,0,[1*5*7|1]~~{(+4)}~~>[1*4*5*7|1],[1*5*7|1]~>[1*4*5*7|1],{(+4)}~,2.0,1,1,0,0
1*5*7|1,8|1,,,,N/A,N/A,N/A,,,,,
1*5*7|1,9|1,,,,N/A,N/A,N/A,,,,,
1*5*7|1,1*9|1,1,2,0,[1*5*7|1]~~{(+9)}~~>[1*9|1],[1*5*7|1]~>[1*9|1],{(+9)}~,2.0,1,1,0,0
1*5*7|1,3*9|1,,,,N/A,N/A,N/A,,,,,
1*5*7|1,4*9|1,,,,N/A,N/A,N/A,,,,,
1*5*7|1,5*9|1,,,,N/A,N/A,N/A,,,,,
1*5*7|1,4*5*9|1,,,,N/A,N/A,N/A,,,,,
1*5*7|1,10|1,,,,N/A,N/A,N/A,,,,,
1*5*7|1,1*10|1,,,,N/A,N/A,N/A,,,,,
1*5*7|1,2*10|1,2,3,0,[1*5*7|1]~~{(+2)}~~>[2|1]~~{(+10)}~~>[2*10|1],[1*5*7|1]~>[2|1]~>[2*10|1],{(+2)}~{(+10)}~,4.0,2,2,0,0
1*5*7|1,4*10|1,,,,N/A,N/A,N/A,,,,,
1*5*7|1,5*10|1,,,,N/A,N/A,N/A,,,,,
1*5*7|1,1*7*10|1,1,1,0,[1*5*7|1]~~{(+10)}~~>[1*7*10|1],[1*5*7|1]~>[1*7*10|1],{(+10)}~,2.0,1,1,0,0
1*5*7|1,2*7*10|1,2,2,0,[1*5*7|1]~~{(+2  10)}~~>[2*7*10|1],[1*5*7|1]~>[2*7*10|1],{(+2  10)}~,3.0,1,2,0,0
1*5*7|1,4*7*10|1,,,,N/A,N/A,N/A,,,,,
1*5*7|1,1*4*7*10|1,2,1,0,[1*5*7|1]~~{(+4  10)}~~>[1*4*7*10|1],[1*5*7|1]~>[1*4*7*10|1],{(+4  10)}~,3.0,1,2,0,0
1*5*7|1,5*7*10|1,,,,N/A,N/A,N/A,,,,,
1*5*7|1,8*10|1,,,,N/A,N/A,N/A,,,,,
1*5*7|1,4*7*9*10|1,,,,N/A,N/A,N/A,,,,,
1*5*7|1,11|1,,,,N/A,N/A,N/A,,,,,
1*5*7|1,1*11|1,,,,N/A,N/A,N/A,,,,,
1*5*7|1,1*7*11|1,,,,N/A,N/A,N/A,,,,,
1*5*7|1,1*4*7*11|1,,,,N/A,N/A,N/A,,,,,
4*5*7|1,|1,,,,N/A,N/A,N/A,,,,,
4*5*7|1,1|1,,,,N/A,N/A,N/A,,,,,
4*5*7|1,2|1,1,3,0,[4*5*7|1]~~{(+2)}~~>[2|1],[4*5*7|1]~>[2|1],{(+2)}~,2.0,1,1,0,0
4*5*7|1,3|1,,,,N/A,N/A,N/A,,,,,
4*5*7|1,2*3|1,2,3,0,[4*5*7|1]~~{(+2  3)}~~>[2*3|1],[4*5*7|1]~>[2*3|1],{(+2  3)}~,3.0,1,2,0,0
4*5*7|1,4|1,,,,N/A,N/A,N/A,,,,,
4*5*7|1,5|1,,,,N/A,N/A,N/A,,,,,
4*5*7|1,6|1,,,,N/A,N/A,N/A,,,,,
4*5*7|1,4*6|1,,,,N/A,N/A,N/A,,,,,
4*5*7|1,7|1,,,,N/A,N/A,N/A,,,,,
4*5*7|1,1*7|1,,,,N/A,N/A,N/A,,,,,
4*5*7|1,5*7|1,,,,N/A,N/A,N/A,,,,,
4*5*7|1,1*5*7|1,,,,N/A,N/A,N/A,,,,,
4*5*7|1,1*4*5*7|1,,,,N/A,N/A,N/A,,,,,
4*5*7|1,8|1,,,,N/A,N/A,N/A,,,,,
4*5*7|1,9|1,,,,N/A,N/A,N/A,,,,,
4*5*7|1,1*9|1,2,3,0,[4*5*7|1]~~{(+1  9)}~~>[1*9|1],[4*5*7|1]~>[1*9|1],{(+1  9)}~,3.0,1,2,0,0
4*5*7|1,3*9|1,,,,N/A,N/A,N/A,,,,,
4*5*7|1,4*9|1,,,,N/A,N/A,N/A,,,,,
4*5*7|1,5*9|1,1,2,0,[4*5*7|1]~~{(+9)}~~>[4*5*9|1]~~{(+10)}~~>[5*10|1]~~{(+7  9)}~~>[5*9|1],[4*5*7|1]~>[4*5*9|1]~>[5*10|1]~>[5*9|1],{(+9)}~{(+10)}~{(+7  9)}~,7.0,3,4,0,0
4*5*7|1,4*5*9|1,1,1,0,[4*5*7|1]~~{(+9)}~~>[4*5*9|1],[4*5*7|1]~>[4*5*9|1],{(+9)}~,2.0,1,1,0,0
4*5*7|1,10|1,,,,N/A,N/A,N/A,,,,,
4*5*7|1,1*10|1,,,,N/A,N/A,N/A,,,,,
4*5*7|1,2*10|1,2,3,0,[4*5*7|1]~~{(+2)}~~>[2|1]~~{(+10)}~~>[2*10|1],[4*5*7|1]~>[2|1]~>[2*10|1],{(+2)}~{(+10)}~,4.0,2,2,0,0
4*5*7|1,4*10|1,,,,N/A,N/A,N/A,,,,,
4*5*7|1,5*10|1,1,2,0,[4*5*7|1]~~{(+9)}~~>[4*5*9|1]~~{(+10)}~~>[5*10|1],[4*5*7|1]~>[4*5*9|1]~>[5*10|1],{(+9)}~{(+10)}~,4.0,2,2,0,0
4*5*7|1,1*7*10|1,2,2,0,[4*5*7|1]~~{(+9)}~~>[4*5*9|1]~~{(+10)}~~>[5*10|1]~~{(+1  7)}~~>[1*7*10|1],[4*5*7|1]~>[4*5*9|1]~>[5*10|1]~>[1*7*10|1],{(+9)}~{(+10)}~{(+1  7)}~,7.0,3,4,0,0
4*5*7|1,2*7*10|1,2,2,0,[4*5*7|1]~~{(+2  10)}~~>[2*7*10|1],[4*5*7|1]~>[2*7*10|1],{(+2  10)}~,3.0,1,2,0,0
4*5*7|1,4*7*10|1,1,1,0,[4*5*7|1]~~{(+10)}~~>[4*7*10|1],[4*5*7|1]~>[4*7*10|1],{(+10)}~,2.0,1,1,0,0
4*5*7|1,1*4*7*10|1,2,1,0,[4*5*7|1]~~{(+1  10)}~~>[1*4*7*10|1],[4*5*7|1]~>[1*4*7*10|1],{(+1  10)}~,3.0,1,2,0,0
4*5*7|1,5*7*10|1,1,1,0,[4*5*7|1]~~{(+9)}~~>[4*5*9|1]~~{(+10)}~~>[5*10|1]~~{(+7)}~~>[5*7*10|1],[4*5*7|1]~>[4*5*9|1]~>[5*10|1]~>[5*7*10|1],{(+9)}~{(+10)}~{(+7)}~,6.0,3,3,0,0
4*5*7|1,8*10|1,,,,N/A,N/A,N/A,,,,,
4*5*7|1,4*7*9*10|1,2,1,0,[4*5*7|1]~~{(+9  10)}~~>[4*7*9*10|1],[4*5*7|1]~>[4*7*9*10|1],{(+9  10)}~,3.0,1,2,0,0
4*5*7|1,11|1,,,,N/A,N/A,N/A,,,,,
4*5*7|1,1*11|1,,,,N/A,N/A,N/A,,,,,
4*5*7|1,1*7*11|1,,,,N/A,N/A,N/A,,,,,
4*5*7|1,1*4*7*11|1,,,,N/A,N/A,N/A,,,,,
1*4*5*7|1,|1,,,,N/A,N/A,N/A,,,,,
1*4*5*7|1,1|1,,,,N/A,N/A,N/A,,,,,
1*4*5*7|1,2|1,1,4,0,[1*4*5*7|1]~~{(+2)}~~>[2|1],[1*4*5*7|1]~>[2|1],{(+2)}~,2.0,1,1,0,0
1*4*5*7|1,3|1,,,,N/A,N/A,N/A,,,,,
1*4*5*7|1,2*3|1,2,4,0,[1*4*5*7|1]~~{(+2  3)}~~>[2*3|1],[1*4*5*7|1]~>[2*3|1],{(+2  3)}~,3.0,1,2,0,0
1*4*5*7|1,4|1,,,,N/A,N/A,N/A,,,,,
1*4*5*7|1,5|1,,,,N/A,N/A,N/A,,,,,
1*4*5*7|1,6|1,,,,N/A,N/A,N/A,,,,,
1*4*5*7|1,4*6|1,,,,N/A,N/A,N/A,,,,,
1*4*5*7|1,7|1,,,,N/A,N/A,N/A,,,,,
1*4*5*7|1,1*7|1,,,,N/A,N/A,N/A,,,,,
1*4*5*7|1,5*7|1,,,,N/A,N/A,N/A,,,,,
1*4*5*7|1,1*5*7|1,,,,N/A,N/A,N/A,,,,,
1*4*5*7|1,4*5*7|1,,,,N/A,N/A,N/A,,,,,
1*4*5*7|1,8|1,,,,N/A,N/A,N/A,,,,,
1*4*5*7|1,9|1,,,,N/A,N/A,N/A,,,,,
1*4*5*7|1,1*9|1,1,3,0,[1*4*5*7|1]~~{(+9)}~~>[1*9|1],[1*4*5*7|1]~>[1*9|1],{(+9)}~,2.0,1,1,0,0
1*4*5*7|1,3*9|1,,,,N/A,N/A,N/A,,,,,
1*4*5*7|1,4*9|1,,,,N/A,N/A,N/A,,,,,
1*4*5*7|1,5*9|1,,,,N/A,N/A,N/A,,,,,
1*4*5*7|1,4*5*9|1,,,,N/A,N/A,N/A,,,,,
1*4*5*7|1,10|1,,,,N/A,N/A,N/A,,,,,
1*4*5*7|1,1*10|1,,,,N/A,N/A,N/A,,,,,
1*4*5*7|1,2*10|1,2,4,0,[1*4*5*7|1]~~{(+2)}~~>[2|1]~~{(+10)}~~>[2*10|1],[1*4*5*7|1]~>[2|1]~>[2*10|1],{(+2)}~{(+10)}~,4.0,2,2,0,0
1*4*5*7|1,4*10|1,,,,N/A,N/A,N/A,,,,,
1*4*5*7|1,5*10|1,,,,N/A,N/A,N/A,,,,,
1*4*5*7|1,1*7*10|1,,,,N/A,N/A,N/A,,,,,
1*4*5*7|1,2*7*10|1,2,3,0,[1*4*5*7|1]~~{(+2  10)}~~>[2*7*10|1],[1*4*5*7|1]~>[2*7*10|1],{(+2  10)}~,3.0,1,2,0,0
1*4*5*7|1,4*7*10|1,,,,N/A,N/A,N/A,,,,,
1*4*5*7|1,1*4*7*10|1,1,1,0,[1*4*5*7|1]~~{(+10)}~~>[1*4*7*10|1],[1*4*5*7|1]~>[1*4*7*10|1],{(+10)}~,2.0,1,1,0,0
1*4*5*7|1,5*7*10|1,,,,N/A,N/A,N/A,,,,,
1*4*5*7|1,8*10|1,,,,N/A,N/A,N/A,,,,,
1*4*5*7|1,4*7*9*10|1,,,,N/A,N/A,N/A,,,,,
1*4*5*7|1,11|1,,,,N/A,N/A,N/A,,,,,
1*4*5*7|1,1*11|1,,,,N/A,N/A,N/A,,,,,
1*4*5*7|1,1*7*11|1,,,,N/A,N/A,N/A,,,,,
1*4*5*7|1,1*4*7*11|1,,,,N/A,N/A,N/A,,,,,
8|1,|1,,,,N/A,N/A,N/A,,,,,
8|1,1|1,1,1,0,[8|1]~~{(+1)}~~>[1|1],[8|1]~>[1|1],{(+1)}~,2.0,1,1,0,0
8|1,2|1,1,1,0,[8|1]~~{(+2)}~~>[2|1],[8|1]~>[2|1],{(+2)}~,2.0,1,1,0,0
8|1,3|1,1,1,0,[8|1]~~{(+3)}~~>[3|1],[8|1]~>[3|1],{(+3)}~,2.0,1,1,0,0
8|1,2*3|1,2,1,0,[8|1]~~{(+2  3)}~~>[2*3|1],[8|1]~>[2*3|1],{(+2  3)}~,3.0,1,2,0,0
8|1,4|1,1,1,0,[8|1]~~{(+4)}~~>[4|1],[8|1]~>[4|1],{(+4)}~,2.0,1,1,0,0
8|1,5|1,1,1,0,[8|1]~~{(+5)}~~>[5|1],[8|1]~>[5|1],{(+5)}~,2.0,1,1,0,0
8|1,6|1,1,1,0,[8|1]~~{(+6)}~~>[6|1],[8|1]~>[6|1],{(+6)}~,2.0,1,1,0,0
8|1,4*6|1,2,1,0,[8|1]~~{(+4  6)}~~>[4*6|1],[8|1]~>[4*6|1],{(+4  6)}~,3.0,1,2,0,0
8|1,7|1,1,1,0,[8|1]~~{(+7)}~~>[7|1],[8|1]~>[7|1],{(+7)}~,2.0,1,1,0,0
8|1,1*7|1,2,1,0,[8|1]~~{(+1  7)}~~>[1*7|1],[8|1]~>[1*7|1],{(+1  7)}~,3.0,1,2,0,0
8|1,5*7|1,2,1,0,[8|1]~~{(+5  7)}~~>[5*7|1],[8|1]~>[5*7|1],{(+5  7)}~,3.0,1,2,0,0
8|1,1*5*7|1,3,1,0,[8|1]~~{(+1  5  7)}~~>[1*5*7|1],[8|1]~>[1*5*7|1],{(+1  5  7)}~,4.0,1,3,0,0
8|1,4*5*7|1,3,1,0,[8|1]~~{(+4  5  7)}~~>[4*5*7|1],[8|1]~>[4*5*7|1],{(+4  5  7)}~,4.0,1,3,0,0
8|1,1*4*5*7|1,4,1,0,[8|1]~~{(+1  4  5  7)}~~>[1*4*5*7|1],[8|1]~>[1*4*5*7|1],{(+1  4  5  7)}~,5.0,1,4,0,0
8|1,9|1,1,1,0,[8|1]~~{(+9)}~~>[9|1],[8|1]~>[9|1],{(+9)}~,2.0,1,1,0,0
8|1,1*9|1,2,1,0,[8|1]~~{(+1  9)}~~>[1*9|1],[8|1]~>[1*9|1],{(+1  9)}~,3.0,1,2,0,0
8|1,3*9|1,2,1,0,[8|1]~~{(+3  9)}~~>[3*9|1],[8|1]~>[3*9|1],{(+3  9)}~,3.0,1,2,0,0
8|1,4*9|1,2,1,0,[8|1]~~{(+4  9)}~~>[4*9|1],[8|1]~>[4*9|1],{(+4  9)}~,3.0,1,2,0,0
8|1,5*9|1,2,1,0,[8|1]~~{(+5  9)}~~>[5*9|1],[8|1]~>[5*9|1],{(+5  9)}~,3.0,1,2,0,0
8|1,4*5*9|1,3,1,0,[8|1]~~{(+4  5  9)}~~>[4*5*9|1],[8|1]~>[4*5*9|1],{(+4  5  9)}~,4.0,1,3,0,0
8|1,10|1,,,,N/A,N/A,N/A,,,,,
8|1,1*10|1,2,1,0,[8|1]~~{(+1  10)}~~>[1*10|1],[8|1]~>[1*10|1],{(+1  10)}~,3.0,1,2,0,0
8|1,2*10|1,2,1,0,[8|1]~~{(+2  10)}~~>[2*10|1],[8|1]~>[2*10|1],{(+2  10)}~,3.0,1,2,0,0
8|1,4*10|1,2,1,0,[8|1]~~{(+4  10)}~~>[4*10|1],[8|1]~>[4*10|1],{(+4  10)}~,3.0,1,2,0,0
8|1,5*10|1,2,1,0,[8|1]~~{(+5  10)}~~>[5*10|1],[8|1]~>[5*10|1],{(+5  10)}~,3.0,1,2,0,0
8|1,1*7*10|1,3,1,0,[8|1]~~{(+1  7  10)}~~>[1*7*10|1],[8|1]~>[1*7*10|1],{(+1  7  10)}~,4.0,1,3,0,0
8|1,2*7*10|1,3,1,0,[8|1]~~{(+2  7  10)}~~>[2*7*10|1],[8|1]~>[2*7*10|1],{(+2  7  10)}~,4.0,1,3,0,0
8|1,4*7*10|1,3,1,0,[8|1]~~{(+4  7  10)}~~>[4*7*10|1],[8|1]~>[4*7*10|1],{(+4  7  10)}~,4.0,1,3,0,0
8|1,1*4*7*10|1,4,1,0,[8|1]~~{(+1  4  7  10)}~~>[1*4*7*10|1],[8|1]~>[1*4*7*10|1],{(+1  4  7  10)}~,5.0,1,4,0,0
8|1,5*7*10|1,3,1,0,[8|1]~~{(+5  7  10)}~~>[5*7*10|1],[8|1]~>[5*7*10|1],{(+5  7  10)}~,4.0,1,3,0,0
8|1,8*10|1,1,0,0,[8|1]~~{(+10)}~~>[8*10|1],[8|1]~>[8*10|1],{(+10)}~,2.0,1,1,0,0
8|1,4*7*9*10|1,4,1,0,[8|1]~~{(+4  7  9  10)}~~>[4*7*9*10|1],[8|1]~>[4*7*9*10|1],{(+4  7  9  10)}~,5.0,1,4,0,0
8|1,11|1,,,,N/A,N/A,N/A,,,,,
8|1,1*11|1,2,1,0,[8|1]~~{(+1  11)}~~>[1*11|1],[8|1]~>[1*11|1],{(+1  11)}~,3.0,1,2,0,0
8|1,1*7*11|1,3,1,0,[8|1]~~{(+1  7  11)}~~>[1*7*11|1],[8|1]~>[1*7*11|1],{(+1  7  11)}~,4.0,1,3,0,0
8|1,1*4*7*11|1,4,1,0,[8|1]~~{(+1  4  7  11)}~~>[1*4*7*11|1],[8|1]~>[1*4*7*11|1],{(+1  4  7  11)}~,5.0,1,4,0,0
9|1,|1,,,,N/A,N/A,N/A,,,,,
9|1,1|1,,,,N/A,N/A,N/A,,,,,
9|1,2|1,1,1,0,[9|1]~~{(+2)}~~>[2|1],[9|1]~>[2|1],{(+2)}~,2.0,1,1,0,0
9|1,3|1,,,,N/A,N/A,N/A,,,,,
9|1,2*3|1,2,1,0,[9|1]~~{(+2  3)}~~>[2*3|1],[9|1]~>[2*3|1],{(+2  3)}~,3.0,1,2,0,0
9|1,4|1,,,,N/A,N/A,N/A,,,,,
9|1,5|1,,,,N/A,N/A,N/A,,,,,
9|1,6|1,,,,N/A,N/A,N/A,,,,,
9|1,4*6|1,,,,N/A,N/A,N/A,,,,,
9|1,7|1,,,,N/A,N/A,N/A,,,,,
9|1,1*7|1,,,,N/A,N/A,N/A,,,,,
9|1,5*7|1,,,,N/A,N/A,N/A,,,,,
9|1,1*5*7|1,,,,N/A,N/A,N/A,,,,,
9|1,4*5*7|1,,,,N/A,N/A,N/A,,,,,
9|1,1*4*5*7|1,,,,N/A,N/A,N/A,,,,,
9|1,8|1,,,,N/A,N/A,N/A,,,,,
9|1,1*9|1,1,0,0,[9|1]~~{(+1)}~~>[1*9|1],[9|1]~>[1*9|1],{(+1)}~,2.0,1,1,0,0
9|1,3*9|1,1,0,0,[9|1]~~{(+3)}~~>[3*9|1],[9|1]~>[3*9|1],{(+3)}~,2.0,1,1,0,0
9|1,4*9|1,1,0,0,[9|1]~~{(+4)}~~>[4*9|1],[9|1]~>[4*9|1],{(+4)}~,2.0,1,1,0,0
9|1,5*9|1,1,0,0,[9|1]~~{(+5)}~~>[5*9|1],[9|1]~>[5*9|1],{(+5)}~,2.0,1,1,0,0
9|1,4*5*9|1,2,0,0,[9|1]~~{(+4  5)}~~>[4*5*9|1],[9|1]~>[4*5*9|1],{(+4  5)}~,3.0,1,2,0,0
9|1,10|1,,,,N/A,N/A,N/A,,,,,
9|1,1*10|1,2,1,0,[9|1]~~{(+4)}~~>[4*9|1]~~{(+1  10)}~~>[1*10|1],[9|1]~>[4*9|1]~>[1*10|1],{(+4)}~{(+1  10)}~,5.0,2,3,0,0
9|1,2*10|1,2,1,0,[9|1]~~{(+2  10)}~~>[2*10|1],[9|1]~>[2*10|1],{(+2  10)}~,3.0,1,2,0,0
9|1,4*10|1,2,1,0,[9|1]~~{(+4  10)}~~>[4*10|1],[9|1]~>[4*10|1],{(+4  10)}~,3.0,1,2,0,0
9|1,5*10|1,2,1,0,[9|1]~~{(+4  5  10)}~~>[5*10|1],[9|1]~>[5*10|1],{(+4  5  10)}~,4.0,1,3,0,0
9|1,1*7*10|1,3,1,0,[9|1]~~{(+4  5  10)}~~>[5*10|1]~~{(+1  7)}~~>[1*7*10|1],[9|1]~>[5*10|1]~>[1*7*10|1],{(+4  5  10)}~{(+1  7)}~,7.0,2,5,0,0
9|1,2*7*10|1,3,1,0,[9|1]~~{(+2  7  10)}~~>[2*7*10|1],[9|1]~>[2*7*10|1],{(+2  7  10)}~,4.0,1,3,0,0
9|1,4*7*10|1,3,1,0,[9|1]~~{(+4  10)}~~>[4*10|1]~~{(+7)}~~>[4*7*10|1],[9|1]~>[4*10|1]~>[4*7*10|1],{(+4  10)}~{(+7)}~,5.0,2,3,0,0
9|1,1*4*7*10|1,4,1,0,[9|1]~~{(+4  10)}~~>[4*10|1]~~{(+1  7)}~~>[1*4*7*10|1],[9|1]~>[4*10|1]~>[1*4*7*10|1],{(+4  10)}~{(+1  7)}~,6.0,2,4,0,0
9|1,5*7*10|1,3,1,0,[9|1]~~{(+4  5  10)}~~>[5*10|1]~~{(+7)}~~>[5*7*10|1],[9|1]~>[5*10|1]~>[5*7*10|1],{(+4  5  10)}~{(+7)}~,6.0,2,4,0,0
9|1,8*10|1,,,,N/A,N/A,N/A,,,,,
9|1,4*7*9*10|1,3,0,0,[9|1]~~{(+4  7  10)}~~>[4*7*9*10|1],[9|1]~>[4*7*9*10|1],{(+4  7  10)}~,4.0,1,3,0,0
9|1,11|1,,,,N/A,N/A,N/A,,,,,
9|1,1*11|1,,,,N/A,N/A,N/A,,,,,
9|1,1*7*11|1,,,,N/A,N/A,N/A,,,,,
9|1,1*4*7*11|1,,,,N/A,N/A,N/A,,,,,
1*9|1,|1,,,,N/A,N/A,N/A,,,,,
1*9|1,1|1,,,,N/A,N/A,N/A,,,,,
1*9|1,2|1,1,2,0,[1*9|1]~~{(+2)}~~>[2|1],[1*9|1]~>[2|1],{(+2)}~,2.0,1,1,0,0
1*9|1,3|1,,,,N/A,N/A,N/A,,,,,
1*9|1,2*3|1,2,2,0,[1*9|1]~~{(+2  3)}~~>[2*3|1],[1*9|1]~>[2*3|1],{(+2  3)}~,3.0,1,2,0,0
1*9|1,4|1,,,,N/A,N/A,N/A,,,,,
1*9|1,5|1,,,,N/A,N/A,N/A,,,,,
1*9|1,6|1,,,,N/A,N/A,N/A,,,,,
1*9|1,4*6|1,,,,N/A,N/A,N/A,,,,,
1*9|1,7|1,,,,N/A,N/A,N/A,,,,,
1*9|1,1*7|1,,,,N/A,N/A,N/A,,,,,
1*9|1,5*7|1,,,,N/A,N/A,N/A,,,,,
1*9|1,1*5*7|1,,,,N/A,N/A,N/A,,,,,
1*9|1,4*5*7|1,,,,N/A,N/A,N/A,,,,,
1*9|1,1*4*5*7|1,,,,N/A,N/A,N/A,,,,,
1*9|1,8|1,,,,N/A,N/A,N/A,,,,,
1*9|1,9|1,,,,N/A,N/A,N/A,,,,,
1*9|1,3*9|1,,,,N/A,N/A,N/A,,,,,
1*9|1,4*9|1,,,,N/A,N/A,N/A,,,,,
1*9|1,5*9|1,,,,N/A,N/A,N/A,,,,,
1*9|1,4*5*9|1,,,,N/A,N/A,N/A,,,,,
1*9|1,10|1,,,,N/A,N/A,N/A,,,,,
1*9|1,1*10|1,,,,N/A,N/A,N/A,,,,,
1*9|1,2*10|1,2,2,0,[1*9|1]~~{(+2  10)}~~>[2*10|1],[1*9|1]~>[2*10|1],{(+2  10)}~,3.0,1,2,0,0
1*9|1,4*10|1,,,,N/A,N/A,N/A,,,,,
1*9|1,5*10|1,,,,N/A,N/A,N/A,,,,,
1*9|1,1*7*10|1,,,,N/A,N/A,N/A,,,,,
1*9|1,2*7*10|1,3,2,0,[1*9|1]~~{(+2  7  10)}~~>[2*7*10|1],[1*9|1]~>[2*7*10|1],{(+2  7  10)}~,4.0,1,3,0,0
1*9|1,4*7*10|1,,,,N/A,N/A,N/A,,,,,
1*9|1,1*4*7*10|1,,,,N/A,N/A,N/A,,,,,
1*9|1,5*7*10|1,,,,N/A,N/A,N/A,,,,,
1*9|1,8*10|1,,,,N/A,N/A,N/A,,,,,
1*9|1,4*7*9*10|1,,,,N/A,N/A,N/A,,,,,
1*9|1,11|1,,,,N/A,N/A,N/A,,,,,
1*9|1,1*11|1,,,,N/A,N/A,N/A,,,,,
1*9|1,1*7*11|1,,,,N/A,N/A,N/A,,,,,
1*9|1,1*4*7*11|1,,,,N/A,N/A,N/A,,,,,
3*9|1,|1,,,,N/A,N/A,N/A,,,,,
3*9|1,1|1,,,,N/A,N/A,N/A,,,,,
3*9|1,2|1,,,,N/A,N/A,N/A,,,,,
3*9|1,3|1,,,,N/A,N/A,N/A,,,,,
3*9|1,2*3|1,1,1,0,[3*9|1]~~{(+2)}~~>[2*3|1],[3*9|1]~>[2*3|1],{(+2)}~,2.0,1,1,0,0
3*9|1,4|1,,,,N/A,N/A,N/A,,,,,
3*9|1,5|1,,,,N/A,N/A,N/A,,,,,
3*9|1,6|1,,,,N/A,N/A,N/A,,,,,
3*9|1,4*6|1,,,,N/A,N/A,N/A,,,,,
3*9|1,7|1,,,,N/A,N/A,N/A,,,,,
3*9|1,1*7|1,,,,N/A,N/A,N/A,,,,,
3*9|1,5*7|1,,,,N/A,N/A,N/A,,,,,
3*9|1,1*5*7|1,,,,N/A,N/A,N/A,,,,,
3*9|1,4*5*7|1,,,,N/A,N/A,N/A,,,,,
3*9|1,1*4*5*7|1,,,,N/A,N/A,N/A,,,,,
3*9|1,8|1,,,,N/A,N/A,N/A,,,,,
3*9|1,9|1,,,,N/A,N/A,N/A,,,,,
3*9|1,1*9|1,,,,N/A,N/A,N/A,,,,,
3*9|1,4*9|1,,,,N/A,N/A,N/A,,,,,
3*9|1,5*9|1,,,,N/A,N/A,N/A,,,,,
3*9|1,4*5*9|1,,,,N/A,N/A,N/A,,,,,
3*9|1,10|1,,,,N/A,N/A,N/A,,,,,
3*9|1,1*10|1,,,,N/A,N/A,N/A,,,,,
3*9|1,2*10|1,2,2,0,[3*9|1]~~{(+2  10)}~~>[2*10|1],[3*9|1]~>[2*10|1],{(+2  10)}~,3.0,1,2,0,0
3*9|1,4*10|1,,,,N/A,N/A,N/A,,,,,
3*9|1,5*10|1,,,,N/A,N/A,N/A,,,,,
3*9|1,1*7*10|1,,,,N/A,N/A,N/A,,,,,
3*9|1,2*7*10|1,3,2,0,[3*9|1]~~{(+2  7  10)}~~>[2*7*10|1],[3*9|1]~>[2*7*10|1],{(+2  7  10)}~,4.0,1,3,0,0
3*9|1,4*7*10|1,,,,N/A,N/A,N/A,,,,,
3*9|1,1*4*7*10|1,,,,N/A,N/A,N/A,,,,,
3*9|1,5*7*10|1,,,,N/A,N/A,N/A,,,,,
3*9|1,8*10|1,,,,N/A,N/A,N/A,,,,,
3*9|1,4*7*9*10|1,,,,N/A,N/A,N/A,,,,,
3*9|1,11|1,,,,N/A,N/A,N/A,,,,,
3*9|1,1*11|1,,,,N/A,N/A,N/A,,,,,
3*9|1,1*7*11|1,,,,N/A,N/A,N/A,,,,,
3*9|1,1*4*7*11|1,,,,N/A,N/A,N/A,,,,,
4*9|1,|1,,,,N/A,N/A,N/A,,,,,
4*9|1,1|1,,,,N/A,N/A,N/A,,,,,
4*9|1,2|1,1,2,0,[4*9|1]~~{(+2)}~~>[2|1],[4*9|1]~>[2|1],{(+2)}~,2.0,1,1,0,0
4*9|1,3|1,,,,N/A,N/A,N/A,,,,,
4*9|1,2*3|1,2,2,0,[4*9|1]~~{(+2  3)}~~>[2*3|1],[4*9|1]~>[2*3|1],{(+2  3)}~,3.0,1,2,0,0
4*9|1,4|1,,,,N/A,N/A,N/A,,,,,
4*9|1,5|1,,,,N/A,N/A,N/A,,,,,
4*9|1,6|1,,,,N/A,N/A,N/A,,,,,
4*9|1,4*6|1,,,,N/A,N/A,N/A,,,,,
4*9|1,7|1,,,,N/A,N/A,N/A,,,,,
4*9|1,1*7|1,,,,N/A,N/A,N/A,,,,,
4*9|1,5*7|1,,,,N/A,N/A,N/A,,,,,
4*9|1,1*5*7|1,,,,N/A,N/A,N/A,,,,,
4*9|1,4*5*7|1,,,,N/A,N/A,N/A,,,,,
4*9|1,1*4*5*7|1,,,,N/A,N/A,N/A,,,,,
4*9|1,8|1,,,,N/A,N/A,N/A,,,,,
4*9|1,9|1,,,,N/A,N/A,N/A,,,,,
4*9|1,1*9|1,1,1,0,[4*9|1]~~{(+1)}~~>[1*9|1],[4*9|1]~>[1*9|1],{(+1)}~,2.0,1,1,0,0
4*9|1,3*9|1,,,,N/A,N/A,N/A,,,,,
4*9|1,5*9|1,1,1,0,[4*9|1]~~{(+5  10)}~~>[5*10|1]~~{(+7  9)}~~>[5*9|1],[4*9|1]~>[5*10|1]~>[5*9|1],{(+5  10)}~{(+7  9)}~,6.0,2,4,0,0
4*9|1,4*5*9|1,1,0,0,[4*9|1]~~{(+5)}~~>[4*5*9|1],[4*9|1]~>[4*5*9|1],{(+5)}~,2.0,1,1,0,0
4*9|1,10|1,,,,N/A,N/A,N/A,,,,,
4*9|1,1*10|1,2,2,0,[4*9|1]~~{(+1  10)}~~>[1*10|1],[4*9|1]~>[1*10|1],{(+1  10)}~,3.0,1,2,0,0
4*9|1,2*10|1,2,2,0,[4*9|1]~~{(+2  10)}~~>[2*10|1],[4*9|1]~>[2*10|1],{(+2  10)}~,3.0,1,2,0,0
4*9|1,4*10|1,1,1,0,[4*9|1]~~{(+10)}~~>[4*10|1],[4*9|1]~>[4*10|1],{(+10)}~,2.0,1,1,0,0
4*9|1,5*10|1,2,2,0,[4*9|1]~~{(+5  10)}~~>[5*10|1],[4*9|1]~>[5*10|1],{(+5  10)}~,3.0,1,2,0,0
4*9|1,1*7*10|1,3,2,0,[4*9|1]~~{(+1  10)}~~>[1*10|1]~~{(+7)}~~>[1*7*10|1],[4*9|1]~>[1*10|1]~>[1*7*10|1],{(+1  10)}~{(+7)}~,5.0,2,3,0,0
4*9|1,2*7*10|1,3,2,0,[4*9|1]~~{(+2  7  10)}~~>[2*7*10|1],[4*9|1]~>[2*7*10|1],{(+2  7  10)}~,4.0,1,3,0,0
4*9|1,4*7*10|1,2,1,0,[4*9|1]~~{(+10)}~~>[4*10|1]~~{(+7)}~~>[4*7*10|1],[4*9|1]~>[4*10|1]~>[4*7*10|1],{(+10)}~{(+7)}~,4.0,2,2,0,0
4*9|1,1*4*7*10|1,3,1,0,[4*9|1]~~{(+10)}~~>[4*10|1]~~{(+1  7)}~~>[1*4*7*10|1],[4*9|1]~>[4*10|1]~>[1*4*7*10|1],{(+10)}~{(+1  7)}~,5.0,2,3,0,0
4*9|1,5*7*10|1,3,2,0,[4*9|1]~~{(+5  10)}~~>[5*10|1]~~{(+7)}~~>[5*7*10|1],[4*9|1]~>[5*10|1]~>[5*7*10|1],{(+5  10)}~{(+7)}~,5.0,2,3,0,0
4*9|1,8*10|1,,,,N/A,N/A,N/A,,,,,
4*9|1,4*7*9*10|1,2,0,0,[4*9|1]~~{(+7  10)}~~>[4*7*9*10|1],[4*9|1]~>[4*7*9*10|1],{(+7  10)}~,3.0,1,2,0,0
4*9|1,11|1,,,,N/A,N/A,N/A,,,,,
4*9|1,1*11|1,,,,N/A,N/A,N/A,,,,,
4*9|1,1*7*11|1,,,,N/A,N/A,N/A,,,,,
4*9|1,1*4*7*11|1,,,,N/A,N/A,N/A,,,,,
5*9|1,|1,,,,N/A,N/A,N/A,,,,,
5*9|1,1|1,,,,N/A,N/A,N/A,,,,,
5*9|1,2|1,1,2,0,[5*9|1]~~{(+2)}~~>[2|1],[5*9|1]~>[2|1],{(+2)}~,2.0,1,1,0,0
5*9|1,3|1,,,,N/A,N/A,N/A,,,,,
5*9|1,2*3|1,2,2,0,[5*9|1]~~{(+2  3)}~~>[2*3|1],[5*9|1]~>[2*3|1],{(+2  3)}~,3.0,1,2,0,0
5*9|1,4|1,,,,N/A,N/A,N/A,,,,,
5*9|1,5|1,,,,N/A,N/A,N/A,,,,,
5*9|1,6|1,,,,N/A,N/A,N/A,,,,,
5*9|1,4*6|1,,,,N/A,N/A,N/A,,,,,
5*9|1,7|1,,,,N/A,N/A,N/A,,,,,
5*9|1,1*7|1,,,,N/A,N/A,N/A,,,,,
5*9|1,5*7|1,,,,N/A,N/A,N/A,,,,,
5*9|1,1*5*7|1,,,,N/A,N/A,N/A,,,,,
5*9|1,4*5*7|1,,,,N/A,N/A,N/A,,,,,
5*9|1,1*4*5*7|1,,,,N/A,N/A,N/A,,,,,
5*9|1,8|1,,,,N/A,N/A,N/A,,,,,
5*9|1,9|1,,,,N/A,N/A,N/A,,,,,
5*9|1,1*9|1,1,1,0,[5*9|1]~~{(+1)}~~>[1*9|1],[5*9|1]~>[1*9|1],{(+1)}~,2.0,1,1,0,0
5*9|1,3*9|1,,,,N/A,N/A,N/A,,,,,
5*9|1,4*9|1,,,,N/A,N/A,N/A,,,,,
5*9|1,4*5*9|1,1,0,0,[5*9|1]~~{(+4)}~~>[4*5*9|1],[5*9|1]~>[4*5*9|1],{(+4)}~,2.0,1,1,0,0
5*9|1,10|1,,,,N/A,N/A,N/A,,,,,
5*9|1,1*10|1,,,,N/A,N/A,N/A,,,,,
5*9|1,2*10|1,2,2,0,[5*9|1]~~{(+2  10)}~~>[2*10|1],[5*9|1]~>[2*10|1],{(+2  10)}~,3.0,1,2,0,0
5*9|1,4*10|1,,,,N/A,N/A,N/A,,,,,
5*9|1,5*10|1,1,1,0,[5*9|1]~~{(+4)}~~>[4*5*9|1]~~{(+10)}~~>[5*10|1],[5*9|1]~>[4*5*9|1]~>[5*10|1],{(+4)}~{(+10)}~,4.0,2,2,0,0
5*9|1,1*7*10|1,3,2,0,[5*9|1]~~{(+4)}~~>[4*5*9|1]~~{(+10)}~~>[5*10|1]~~{(+1  7)}~~>[1*7*10|1],[5*9|1]~>[4*5*9|1]~>[5*10|1]~>[1*7*10|1],{(+4)}~{(+10)}~{(+1  7)}~,7.0,3,4,0,0
5*9|1,2*7*10|1,3,2,0,[5*9|1]~~{(+2  7  10)}~~>[2*7*10|1],[5*9|1]~>[2*7*10|1],{(+2  7  10)}~,4.0,1,3,0,0
5*9|1,4*7*10|1,3,2,0,[5*9|1]~~{(+4)}~~>[4*5*9|1]~~{(+10)}~~>[5*10|1]~~{(+4  7)}~~>[4*7*10|1],[5*9|1]~>[4*5*9|1]~>[5*10|1]~>[4*7*10|1],{(+4)}~{(+10)}~{(+4  7)}~,7.0,3,4,0,0
5*9|1,1*4*7*10|1,4,2,0,[5*9|1]~~{(+4)}~~>[4*5*9|1]~~{(+10)}~~>[5*10|1]~~{(+1  4  7)}~~>[1*4*7*10|1],[5*9|1]~>[4*5*9|1]~>[5*10|1]~>[1*4*7*10|1],{(+4)}~{(+10)}~{(+1  4  7)}~,8.0,3,5,0,0
5*9|1,5*7*10|1,2,1,0,[5*9|1]~~{(+4)}~~>[4*5*9|1]~~{(+10)}~~>[5*10|1]~~{(+7)}~~>[5*7*10|1],[5*9|1]~>[4*5*9|1]~>[5*10|1]~>[5*7*10|1],{(+4)}~{(+10)}~{(+7)}~,6.0,3,3,0,0
5*9|1,8*10|1,,,,N/A,N/A,N/A,,,,,
5*9|1,4*7*9*10|1,3,1,0,[5*9|1]~~{(+4)}~~>[4*5*9|1]~~{(+10)}~~>[5*10|1]~~{(+4  7)}~~>[4*7*10|1]~~{(+9)}~~>[4*7*9*10|1],[5*9|1]~>[4*5*9|1]~>[5*10|1]~>[4*7*10|1]~>[4*7*9*10|1],{(+4)}~{(+10)}~{(+4  7)}~{(+9)}~,9.0,4,5,0,0
5*9|1,11|1,,,,N/A,N/A,N/A,,,,,
5*9|1,1*11|1,,,,N/A,N/A,N/A,,,,,
5*9|1,1*7*11|1,,,,N/A,N/A,N/A,,,,,
5*9|1,1*4*7*11|1,,,,N/A,N/A,N/A,,,,,
4*5*9|1,|1,,,,N/A,N/A,N/A,,,,,
4*5*9|1,1|1,,,,N/A,N/A,N/A,,,,,
4*5*9|1,2|1,1,3,0,[4*5*9|1]~~{(+2)}~~>[2|1],[4*5*9|1]~>[2|1],{(+2)}~,2.0,1,1,0,0
4*5*9|1,3|1,,,,N/A,N/A,N/A,,,,,
4*5*9|1,2*3|1,2,3,0,[4*5*9|1]~~{(+2  3)}~~>[2*3|1],[4*5*9|1]~>[2*3|1],{(+2  3)}~,3.0,1,2,0,0
4*5*9|1,4|1,,,,N/A,N/A,N/A,,,,,
4*5*9|1,5|1,,,,N/A,N/A,N/A,,,,,
4*5*9|1,6|1,,,,N/A,N/A,N/A,,,,,
4*5*9|1,4*6|1,,,,N/A,N/A,N/A,,,,,
4*5*9|1,7|1,,,,N/A,N/A,N/A,,,,,
4*5*9|1,1*7|1,,,,N/A,N/A,N/A,,,,,
4*5*9|1,5*7|1,,,,N/A,N/A,N/A,,,,,
4*5*9|1,1*5*7|1,,,,N/A,N/A,N/A,,,,,
4*5*9|1,4*5*7|1,,,,N/A,N/A,N/A,,,,,
4*5*9|1,1*4*5*7|1,,,,N/A,N/A,N/A,,,,,
4*5*9|1,8|1,,,,N/A,N/A,N/A,,,,,
4*5*9|1,9|1,,,,N/A,N/A,N/A,,,,,
4*5*9|1,1*9|1,1,2,0,[4*5*9|1]~~{(+1)}~~>[1*9|1],[4*5*9|1]~>[1*9|1],{(+1)}~,2.0,1,1,0,0
4*5*9|1,3*9|1,,,,N/A,N/A,N/A,,,,,
4*5*9|1,4*9|1,,,,N/A,N/A,N/A,,,,,
4*5*9|1,5*9|1,0,1,0,[4*5*9|1]~~{(+10)}~~>[5*10|1]~~{(+7  9)}~~>[5*9|1],[4*5*9|1]~>[5*10|1]~>[5*9|1],{(+10)}~{(+7  9)}~,5.0,2,3,0,0
4*5*9|1,10|1,,,,N/A,N/A,N/A,,,,,
4*5*9|1,1*10|1,,,,N/A,N/A,N/A,,,,,
4*5*9|1,2*10|1,2,3,0,[4*5*9|1]~~{(+2  10)}~~>[2*10|1],[4*5*9|1]~>[2*10|1],{(+2  10)}~,3.0,1,2,0,0
4*5*9|1,4*10|1,,,,N/A,N/A,N/A,,,,,
4*5*9|1,5*10|1,1,2,0,[4*5*9|1]~~{(+10)}~~>[5*10|1],[4*5*9|1]~>[5*10|1],{(+10)}~,2.0,1,1,0,0
4*5*9|1,1*7*10|1,3,3,0,[4*5*9|1]~~{(+10)}~~>[5*10|1]~~{(+1  7)}~~>[1*7*10|1],[4*5*9|1]~>[5*10|1]~>[1*7*10|1],{(+10)}~{(+1  7)}~,5.0,2,3,0,0
4*5*9|1,2*7*10|1,3,3,0,[4*5*9|1]~~{(+2  7  10)}~~>[2*7*10|1],[4*5*9|1]~>[2*7*10|1],{(+2  7  10)}~,4.0,1,3,0,0
4*5*9|1,4*7*10|1,2,2,0,[4*5*9|1]~~{(+10)}~~>[5*10|1]~~{(+4  7)}~~>[4*7*10|1],[4*5*9|1]~>[5*10|1]~>[4*7*10|1],{(+10)}~{(+4  7)}~,5.0,2,3,0,0
4*5*9|1,1*4*7*10|1,3,2,0,[4*5*9|1]~~{(+10)}~~>[5*10|1]~~{(+1  4  7)}~~>[1*4*7*10|1],[4*5*9|1]~>[5*10|1]~>[1*4*7*10|1],{(+10)}~{(+1  4  7)}~,6.0,2,4,0,0
4*5*9|1,5*7*10|1,2,2,0,[4*5*9|1]~~{(+10)}~~>[5*10|1]~~{(+7)}~~>[5*7*10|1],[4*5*9|1]~>[5*10|1]~>[5*7*10|1],{(+10)}~{(+7)}~,4.0,2,2,0,0
4*5*9|1,8*10|1,,,,N/A,N/A,N/A,,,,,
4*5*9|1,4*7*9*10|1,2,1,0,[4*5*9|1]~~{(+10)}~~>[5*10|1]~~{(+4  7)}~~>[4*7*10|1]~~{(+9)}~~>[4*7*9*10|1],[4*5*9|1]~>[5*10|1]~>[4*7*10|1]~>[4*7*9*10|1],{(+10)}~{(+4  7)}~{(+9)}~,7.0,3,4,0,0
4*5*9|1,11|1,,,,N/A,N/A,N/A,,,,,
4*5*9|1,1*11|1,,,,N/A,N/A,N/A,,,,,
4*5*9|1,1*7*11|1,,,,N/A,N/A,N/A,,,,,
4*5*9|1,1*4*7*11|1,,,,N/A,N/A,N/A,,,,,
10|1,|1,,,,N/A,N/A,N/A,,,,,
10|1,1|1,1,1,0,[10|1]~~{(+6)}~~>[6|1]~~{(+4)}~~>[4*6|1]~~{(+1)}~~>[1|1],[10|1]~>[6|1]~>[4*6|1]~>[1|1],{(+6)}~{(+4)}~{(+1)}~,6.0,3,3,0,0
10|1,2|1,1,1,0,[10|1]~~{(+7)}~~>[7|1]~~{(+2)}~~>[2|1],[10|1]~>[7|1]~>[2|1],{(+7)}~{(+2)}~,4.0,2,2,0,0
10|1,3|1,1,1,0,[10|1]~~{(+3)}~~>[3|1],[10|1]~>[3|1],{(+3)}~,2.0,1,1,0,0
10|1,2*3|1,2,1,0,[10|1]~~{(+3)}~~>[3|1]~~{(+2)}~~>[2*3|1],[10|1]~>[3|1]~>[2*3|1],{(+3)}~{(+2)}~,4.0,2,2,0,0
10|1,4|1,1,1,0,[10|1]~~{(+7)}~~>[7|1]~~{(+4)}~~>[4|1],[10|1]~>[7|1]~>[4|1],{(+7)}~{(+4)}~,4.0,2,2,0,0
10|1,5|1,1,1,0,[10|1]~~{(+6)}~~>[6|1]~~{(+4  5)}~~>[5|1],[10|1]~>[6|1]~>[5|1],{(+6)}~{(+4  5)}~,5.0,2,3,0,0
10|1,6|1,1,1,0,[10|1]~~{(+6)}~~>[6|1],[10|1]~>[6|1],{(+6)}~,2.0,1,1,0,0
10|1,4*6|1,2,1,0,[10|1]~~{(+6)}~~>[6|1]~~{(+4)}~~>[4*6|1],[10|1]~>[6|1]~>[4*6|1],{(+6)}~{(+4)}~,4.0,2,2,0,0
10|1,7|1,1,1,0,[10|1]~~{(+7)}~~>[7|1],[10|1]~>[7|1],{(+7)}~,2.0,1,1,0,0
10|1,1*7|1,2,1,0,[10|1]~~{(+7)}~~>[7|1]~~{(+1)}~~>[1*7|1],[10|1]~>[7|1]~>[1*7|1],{(+7)}~{(+1)}~,4.0,2,2,0,0
10|1,5*7|1,2,1,0,[10|1]~~{(+7)}~~>[7|1]~~{(+5)}~~>[5*7|1],[10|1]~>[7|1]~>[5*7|1],{(+7)}~{(+5)}~,4.0,2,2,0,0
10|1,1*5*7|1,3,1,0,[10|1]~~{(+7)}~~>[7|1]~~{(+1  5)}~~>[1*5*7|1],[10|1]~>[7|1]~>[1*5*7|1],{(+7)}~{(+1  5)}~,5.0,2,3,0,0
10|1,4*5*7|1,3,1,0,[10|1]~~{(+7)}~~>[7|1]~~{(+4  5)}~~>[4*5*7|1],[10|1]~>[7|1]~>[4*5*7|1],{(+7)}~{(+4  5)}~,5.0,2,3,0,0
10|1,1*4*5*7|1,4,1,0,[10|1]~~{(+7)}~~>[7|1]~~{(+1  4  5)}~~>[1*4*5*7|1],[10|1]~>[7|1]~>[1*4*5*7|1],{(+7)}~{(+1  4  5)}~,6.0,2,4,0,0
10|1,8|1,,,,N/A,N/A,N/A,,,,,
10|1,9|1,1,1,0,[10|1]~~{(+9)}~~>[9|1],[10|1]~>[9|1],{(+9)}~,2.0,1,1,0,0
10|1,1*9|1,2,1,0,[10|1]~~{(+1  7  9)}~~>[1*9|1],[10|1]~>[1*9|1],{(+1  7  9)}~,4.0,1,3,0,0
10|1,3*9|1,2,1,0,[10|1]~~{(+3  9)}~~>[3*9|1],[10|1]~>[3*9|1],{(+3  9)}~,3.0,1,2,0,0
10|1,4*9|1,2,1,0,[10|1]~~{(+9)}~~>[9|1]~~{(+4)}~~>[4*9|1],[10|1]~>[9|1]~>[4*9|1],{(+9)}~{(+4)}~,4.0,2,2,0,0
10|1,5*9|1,2,1,0,[10|1]~~{(+5  7  9)}~~>[5*9|1],[10|1]~>[5*9|1],{(+5  7  9)}~,4.0,1,3,0,0
10|1,4*5*9|1,3,1,0,[10|1]~~{(+9)}~~>[9|1]~~{(+4  5)}~~>[4*5*9|1],[10|1]~>[9|1]~>[4*5*9|1],{(+9)}~{(+4  5)}~,5.0,2,3,0,0
10|1,1*10|1,1,0,0,[10|1]~~{(+1)}~~>[1*10|1],[10|1]~>[1*10|1],{(+1)}~,2.0,1,1,0,0
10|1,2*10|1,1,0,0,[10|1]~~{(+2)}~~>[2*10|1],[10|1]~>[2*10|1],{(+2)}~,2.0,1,1,0,0
10|1,4*10|1,1,0,0,[10|1]~~{(+4)}~~>[4*10|1],[10|1]~>[4*10|1],{(+4)}~,2.0,1,1,0,0
10|1,5*10|1,1,0,0,[10|1]~~{(+5)}~~>[5*10|1],[10|1]~>[5*10|1],{(+5)}~,2.0,1,1,0,0
10|1,1*7*10|1,2,0,0,[10|1]~~{(+1  7)}~~>[1*7*10|1],[10|1]~>[1*7*10|1],{(+1  7)}~,3.0,1,2,0,0
10|1,2*7*10|1,2,0,0,[10|1]~~{(+2  7)}~~>[2*7*10|1],[10|1]~>[2*7*10|1],{(+2  7)}~,3.0,1,2,0,0
10|1,4*7*10|1,2,0,0,[10|1]~~{(+4  7)}~~>[4*7*10|1],[10|1]~>[4*7*10|1],{(+4  7)}~,3.0,1,2,0,0
10|1,1*4*7*10|1,3,0,0,[10|1]~~{(+1  4  7)}~~>[1*4*7*10|1],[10|1]~>[1*4*7*10|1],{(+1  4  7)}~,4.0,1,3,0,0
10|1,5*7*10|1,2,0,0,[10|1]~~{(+5  7)}~~>[5*7*10|1],[10|1]~>[5*7*10|1],{(+5  7)}~,3.0,1,2,0,0
10|1,8*10|1,1,0,0,[10|1]~~{(+8)}~~>[8*10|1],[10|1]~>[8*10|1],{(+8)}~,2.0,1,1,0,0
10|1,4*7*9*10|1,3,0,0,[10|1]~~{(+4  7  9)}~~>[4*7*9*10|1],[10|1]~>[4*7*9*10|1],{(+4  7  9)}~,4.0,1,3,0,0
10|1,11|1,,,,N/A,N/A,N/A,,,,,
10|1,1*11|1,2,1,0,[10|1]~~{(+6)}~~>[6|1]~~{(+4)}~~>[4*6|1]~~{(+1  11)}~~>[1*11|1],[10|1]~>[6|1]~>[4*6|1]~>[1*11|1],{(+6)}~{(+4)}~{(+1  11)}~,7.0,3,4,0,0
10|1,1*7*11|1,3,1,0,[10|1]~~{(+7)}~~>[7|1]~~{(+1  11)}~~>[1*7*11|1],[10|1]~>[7|1]~>[1*7*11|1],{(+7)}~{(+1  11)}~,5.0,2,3,0,0
10|1,1*4*7*11|1,4,1,0,[10|1]~~{(+7)}~~>[7|1]~~{(+1  4  11)}~~>[1*4*7*11|1],[10|1]~>[7|1]~>[1*4*7*11|1],{(+7)}~{(+1  4  11)}~,6.0,2,4,0,0
1*10|1,|1,,,,N/A,N/A,N/A,,,,,
1*10|1,1|1,,,,N/A,N/A,N/A,,,,,
1*10|1,2|1,1,2,0,[1*10|1]~~{(+7  9)}~~>[1*9|1]~~{(+2)}~~>[2|1],[1*10|1]~>[1*9|1]~>[2|1],{(+7  9)}~{(+2)}~,5.0,2,3,0,0
1*10|1,3|1,,,,N/A,N/A,N/A,,,,,
1*10|1,2*3|1,2,2,0,[1*10|1]~~{(+7  9)}~~>[1*9|1]~~{(+2  3)}~~>[2*3|1],[1*10|1]~>[1*9|1]~>[2*3|1],{(+7  9)}~{(+2  3)}~,6.0,2,4,0,0
1*10|1,4|1,,,,N/A,N/A,N/A,,,,,
1*10|1,5|1,,,,N/A,N/A,N/A,,,,,
1*10|1,6|1,,,,N/A,N/A,N/A,,,,,
1*10|1,4*6|1,,,,N/A,N/A,N/A,,,,,
1*10|1,7|1,,,,N/A,N/A,N/A,,,,,
1*10|1,1*7|1,,,,N/A,N/A,N/A,,,,,
1*10|1,5*7|1,,,,N/A,N/A,N/A,,,,,
1*10|1,1*5*7|1,,,,N/A,N/A,N/A,,,,,
1*10|1,4*5*7|1,,,,N/A,N/A,N/A,,,,,
1*10|1,1*4*5*7|1,,,,N/A,N/A,N/A,,,,,
1*10|1,8|1,,,,N/A,N/A,N/A,,,,,
1*10|1,9|1,,,,N/A,N/A,N/A,,,,,
1*10|1,1*9|1,1,1,0,[1*10|1]~~{(+7  9)}~~>[1*9|1],[1*10|1]~>[1*9|1],{(+7  9)}~,3.0,1,2,0,0
1*10|1,3*9|1,,,,N/A,N/A,N/A,,,,,
1*10|1,4*9|1,,,,N/A,N/A,N/A,,,,,
1*10|1,5*9|1,2,2,0,[1*10|1]~~{(+5)}~~>[5*10|1]~~{(+7  9)}~~>[5*9|1],[1*10|1]~>[5*10|1]~>[5*9|1],{(+5)}~{(+7  9)}~,5.0,2,3,0,0
1*10|1,4*5*9|1,3,2,0,[1*10|1]~~{(+5)}~~>[5*10|1]~~{(+7  9)}~~>[5*9|1]~~{(+4)}~~>[4*5*9|1],[1*10|1]~>[5*10|1]~>[5*9|1]~>[4*5*9|1],{(+5)}~{(+7  9)}~{(+4)}~,7.0,3,4,0,0
1*10|1,10|1,,,,N/A,N/A,N/A,,,,,
1*10|1,2*10|1,1,1,0,[1*10|1]~~{(+2)}~~>[2*10|1],[1*10|1]~>[2*10|1],{(+2)}~,2.0,1,1,0,0
1*10|1,4*10|1,,,,N/A,N/A,N/A,,,,,
1*10|1,5*10|1,1,1,0,[1*10|1]~~{(+5)}~~>[5*10|1],[1*10|1]~>[5*10|1],{(+5)}~,2.0,1,1,0,0
1*10|1,1*7*10|1,1,0,0,[1*10|1]~~{(+7)}~~>[1*7*10|1],[1*10|1]~>[1*7*10|1],{(+7)}~,2.0,1,1,0,0
1*10|1,2*7*10|1,2,1,0,[1*10|1]~~{(+2  7)}~~>[2*7*10|1],[1*10|1]~>[2*7*10|1],{(+2  7)}~,3.0,1,2,0,0
1*10|1,4*7*10|1,2,1,0,[1*10|1]~~{(+5)}~~>[5*10|1]~~{(+4  7)}~~>[4*7*10|1],[1*10|1]~>[5*10|1]~>[4*7*10|1],{(+5)}~{(+4  7)}~,5.0,2,3,0,0
1*10|1,1*4*7*10|1,2,0,0,[1*10|1]~~{(+4  7)}~~>[1*4*7*10|1],[1*10|1]~>[1*4*7*10|1],{(+4  7)}~,3.0,1,2,0,0
1*10|1,5*7*10|1,2,1,0,[1*10|1]~~{(+5)}~~>[5*10|1]~~{(+7)}~~>[5*7*10|1],[1*10|1]~>[5*10|1]~>[5*7*10|1],{(+5)}~{(+7)}~,4.0,2,2,0,0
1*10|1,8*10|1,,,,N/A,N/A,N/A,,,,,
1*10|1,4*7*9*10|1,3,1,0,[1*10|1]~~{(+5)}~~>[5*10|1]~~{(+4  7)}~~>[4*7*10|1]~~{(+9)}~~>[4*7*9*10|1],[1*10|1]~>[5*10|1]~>[4*7*10|1]~>[4*7*9*10|1],{(+5)}~{(+4  7)}~{(+9)}~,7.0,3,4,0,0
1*10|1,11|1,,,,N/A,N/A,N/A,,,,,
1*10|1,1*11|1,,,,N/A,N/A,N/A,,,,,
1*10|1,1*7*11|1,,,,N/A,N/A,N/A,,,,,
1*10|1,1*4*7*11|1,,,,N/A,N/A,N/A,,,,,
2*10|1,|1,,,,N/A,N/A,N/A,,,,,
2*10|1,1|1,,,,N/A,N/A,N/A,,,,,
2*10|1,2|1,,,,N/A,N/A,N/A,,,,,
2*10|1,3|1,,,,N/A,N/A,N/A,,,,,
2*10|1,2*3|1,,,,N/A,N/A,N/A,,,,,
2*10|1,4|1,,,,N/A,N/A,N/A,,,,,
2*10|1,5|1,,,,N/A,N/A,N/A,,,,,
2*10|1,6|1,,,,N/A,N/A,N/A,,,,,
2*10|1,4*6|1,,,,N/A,N/A,N/A,,,,,
2*10|1,7|1,,,,N/A,N/A,N/A,,,,,
2*10|1,1*7|1,,,,N/A,N/A,N/A,,,,,
2*10|1,5*7|1,,,,N/A,N/A,N/A,,,,,
2*10|1,1*5*7|1,,,,N/A,N/A,N/A,,,,,
2*10|1,4*5*7|1,,,,N/A,N/A,N/A,,,,,
2*10|1,1*4*5*7|1,,,,N/A,N/A,N/A,,,,,
2*10|1,8|1,,,,N/A,N/A,N/A,,,,,
2*10|1,9|1,,,,N/A,N/A,N/A,,,,,
2*10|1,1*9|1,,,,N/A,N/A,N/A,,,,,
2*10|1,3*9|1,,,,N/A,N/A,N/A,,,,,
2*10|1,4*9|1,,,,N/A,N/A,N/A,,,,,
2*10|1,5*9|1,,,,N/A,N/A,N/A,,,,,
2*10|1,4*5*9|1,,,,N/A,N/A,N/A,,,,,
2*10|1,10|1,,,,N/A,N/A,N/A,,,,,
2*10|1,1*10|1,,,,N/A,N/A,N/A,,,,,
2*10|1,4*10|1,,,,N/A,N/A,N/A,,,,,
2*10|1,5*10|1,,,,N/A,N/A,N/A,,,,,
2*10|1,1*7*10|1,,,,N/A,N/A,N/A,,,,,
2*10|1,2*7*10|1,1,0,0,[2*10|1]~~{(+7)}~~>[2*7*10|1],[2*10|1]~>[2*7*10|1],{(+7)}~,2.0,1,1,0,0
2*10|1,4*7*10|1,,,,N/A,N/A,N/A,,,,,
2*10|1,1*4*7*10|1,,,,N/A,N/A,N/A,,,,,
2*10|1,5*7*10|1,,,,N/A,N/A,N/A,,,,,
2*10|1,8*10|1,,,,N/A,N/A,N/A,,,,,
2*10|1,4*7*9*10|1,,,,N/A,N/A,N/A,,,,,
2*10|1,11|1,,,,N/A,N/A,N/A,,,,,
2*10|1,1*11|1,,,,N/A,N/A,N/A,,,,,
2*10|1,1*7*11|1,,,,N/A,N/A,N/A,,,,,
2*10|1,1*4*7*11|1,,,,N/A,N/A,N/A,,,,,
4*10|1,|1,,,,N/A,N/A,N/A,,,,,
4*10|1,1|1,,,,N/A,N/A,N/A,,,,,
4*10|1,2|1,1,2,0,[4*10|1]~~{(+1  7  9)}~~>[1*9|1]~~{(+2)}~~>[2|1],[4*10|1]~>[1*9|1]~>[2|1],{(+1  7  9)}~{(+2)}~,6.0,2,4,0,0
4*10|1,3|1,,,,N/A,N/A,N/A,,,,,
4*10|1,2*3|1,2,2,0,[4*10|1]~~{(+1  7  9)}~~>[1*9|1]~~{(+2  3)}~~>[2*3|1],[4*10|1]~>[1*9|1]~>[2*3|1],{(+1  7  9)}~{(+2  3)}~,7.0,2,5,0,0
4*10|1,4|1,,,,N/A,N/A,N/A,,,,,
4*10|1,5|1,,,,N/A,N/A,N/A,,,,,
4*10|1,6|1,,,,N/A,N/A,N/A,,,,,
4*10|1,4*6|1,,,,N/A,N/A,N/A,,,,,
4*10|1,7|1,,,,N/A,N/A,N/A,,,,,
4*10|1,1*7|1,,,,N/A,N/A,N/A,,,,,
4*10|1,5*7|1,,,,N/A,N/A,N/A,,,,,
4*10|1,1*5*7|1,,,,N/A,N/A,N/A,,,,,
4*10|1,4*5*7|1,,,,N/A,N/A,N/A,,,,,
4*10|1,1*4*5*7|1,,,,N/A,N/A,N/A,,,,,
4*10|1,8|1,,,,N/A,N/A,N/A,,,,,
4*10|1,9|1,,,,N/A,N/A,N/A,,,,,
4*10|1,1*9|1,2,2,0,[4*10|1]~~{(+1  7  9)}~~>[1*9|1],[4*10|1]~>[1*9|1],{(+1  7  9)}~,4.0,1,3,0,0
4*10|1,3*9|1,,,,N/A,N/A,N/A,,,,,
4*10|1,4*9|1,,,,N/A,N/A,N/A,,,,,
4*10|1,5*9|1,2,2,0,[4*10|1]~~{(+5)}~~>[5*10|1]~~{(+7  9)}~~>[5*9|1],[4*10|1]~>[5*10|1]~>[5*9|1],{(+5)}~{(+7  9)}~,5.0,2,3,0,0
4*10|1,4*5*9|1,2,1,0,[4*10|1]~~{(+5)}~~>[5*10|1]~~{(+7  9)}~~>[5*9|1]~~{(+4)}~~>[4*5*9|1],[4*10|1]~>[5*10|1]~>[5*9|1]~>[4*5*9|1],{(+5)}~{(+7  9)}~{(+4)}~,7.0,3,4,0,0
4*10|1,10|1,,,,N/A,N/A,N/A,,,,,
4*10|1,1*10|1,1,1,0,[4*10|1]~~{(+1)}~~>[1*10|1],[4*10|1]~>[1*10|1],{(+1)}~,2.0,1,1,0,0
4*10|1,2*10|1,1,1,0,[4*10|1]~~{(+2)}~~>[2*10|1],[4*10|1]~>[2*10|1],{(+2)}~,2.0,1,1,0,0
4*10|1,5*10|1,1,1,0,[4*10|1]~~{(+5)}~~>[5*10|1],[4*10|1]~>[5*10|1],{(+5)}~,2.0,1,1,0,0
4*10|1,1*7*10|1,2,1,0,[4*10|1]~~{(+1)}~~>[1*10|1]~~{(+7)}~~>[1*7*10|1],[4*10|1]~>[1*10|1]~>[1*7*10|1],{(+1)}~{(+7)}~,4.0,2,2,0,0
4*10|1,2*7*10|1,2,1,0,[4*10|1]~~{(+2  7)}~~>[2*7*10|1],[4*10|1]~>[2*7*10|1],{(+2  7)}~,3.0,1,2,0,0
4*10|1,4*7*10|1,1,0,0,[4*10|1]~~{(+7)}~~>[4*7*10|1],[4*10|1]~>[4*7*10|1],{(+7)}~,2.0,1,1,0,0
4*10|1,1*4*7*10|1,2,0,0,[4*10|1]~~{(+1  7)}~~>[1*4*7*10|1],[4*10|1]~>[1*4*7*10|1],{(+1  7)}~,3.0,1,2,0,0
4*10|1,5*7*10|1,2,1,0,[4*10|1]~~{(+5)}~~>[5*10|1]~~{(+7)}~~>[5*7*10|1],[4*10|1]~>[5*10|1]~>[5*7*10|1],{(+5)}~{(+7)}~,4.0,2,2,0,0
4*10|1,8*10|1,,,,N/A,N/A,N/A,,,,,
4*10|1,4*7*9*10|1,2,0,0,[4*10|1]~~{(+7  9)}~~>[4*7*9*10|1],[4*10|1]~>[4*7*9*10|1],{(+7  9)}~,3.0,1,2,0,0
4*10|1,11|1,,,,N/A,N/A,N/A,,,,,
4*10|1,1*11|1,,,,N/A,N/A,N/A,,,,,
4*10|1,1*7*11|1,,,,N/A,N/A,N/A,,,,,
4*10|1,1*4*7*11|1,,,,N/A,N/A,N/A,,,,,
5*10|1,|1,,,,N/A,N/A,N/A,,,,,
5*10|1,1|1,,,,N/A,N/A,N/A,,,,,
5*10|1,2|1,1,2,0,[5*10|1]~~{(+7  9)}~~>[5*9|1]~~{(+2)}~~>[2|1],[5*10|1]~>[5*9|1]~>[2|1],{(+7  9)}~{(+2)}~,5.0,2,3,0,0
5*10|1,3|1,,,,N/A,N/A,N/A,,,,,
5*10|1,2*3|1,2,2,0,[5*10|1]~~{(+7  9)}~~>[5*9|1]~~{(+2  3)}~~>[2*3|1],[5*10|1]~>[5*9|1]~>[2*3|1],{(+7  9)}~{(+2  3)}~,6.0,2,4,0,0
5*10|1,4|1,,,,N/A,N/A,N/A,,,,,
5*10|1,5|1,,,,N/A,N/A,N/A,,,,,
5*10|1,6|1,,,,N/A,N/A,N/A,,,,,
5*10|1,4*6|1,,,,N/A,N/A,N/A,,,,,
5*10|1,7|1,,,,N/A,N/A,N/A,,,,,
5*10|1,1*7|1,,,,N/A,N/A,N/A,,,,,
5*10|1,5*7|1,,,,N/A,N/A,N/A,,,,,
5*10|1,1*5*7|1,,,,N/A,N/A,N/A,,,,,
5*10|1,4*5*7|1,,,,N/A,N/A,N/A,,,,,
5*10|1,1*4*5*7|1,,,,N/A,N/A,N/A,,,,,
5*10|1,8|1,,,,N/A,N/A,N/A,,,,,
5*10|1,9|1,,,,N/A,N/A,N/A,,,,,
5*10|1,1*9|1,2,2,0,[5*10|1]~~{(+1  7  9)}~~>[1*9|1],[5*10|1]~>[1*9|1],{(+1  7  9)}~,4.0,1,3,0,0
5*10|1,3*9|1,,,,N/A,N/A,N/A,,,,,
5*10|1,4*9|1,,,,N/A,N/A,N/A,,,,,
5*10|1,5*9|1,1,1,0,[5*10|1]~~{(+7  9)}~~>[5*9|1],[5*10|1]~>[5*9|1],{(+7  9)}~,3.0,1,2,0,0
5*10|1,4*5*9|1,2,1,0,[5*10|1]~~{(+7  9)}~~>[5*9|1]~~{(+4)}~~>[4*5*9|1],[5*10|1]~>[5*9|1]~>[4*5*9|1],{(+7  9)}~{(+4)}~,5.0,2,3,0,0
5*10|1,10|1,,,,N/A,N/A,N/A,,,,,
5*10|1,1*10|1,,,,N/A,N/A,N/A,,,,,
5*10|1,2*10|1,1,1,0,[5*10|1]~~{(+2)}~~>[2*10|1],[5*10|1]~>[2*10|1],{(+2)}~,2.0,1,1,0,0
5*10|1,4*10|1,,,,N/A,N/A,N/A,,,,,
5*10|1,1*7*10|1,2,1,0,[5*10|1]~~{(+1  7)}~~>[1*7*10|1],[5*10|1]~>[1*7*10|1],{(+1  7)}~,3.0,1,2,0,0
5*10|1,2*7*10|1,2,1,0,[5*10|1]~~{(+2  7)}~~>[2*7*10|1],[5*10|1]~>[2*7*10|1],{(+2  7)}~,3.0,1,2,0,0
5*10|1,4*7*10|1,2,1,0,[5*10|1]~~{(+4  7)}~~>[4*7*10|1],[5*10|1]~>[4*7*10|1],{(+4  7)}~,3.0,1,2,0,0
5*10|1,1*4*7*10|1,3,1,0,[5*10|1]~~{(+1  4  7)}~~>[1*4*7*10|1],[5*10|1]~>[1*4*7*10|1],{(+1  4  7)}~,4.0,1,3,0,0
5*10|1,5*7*10|1,1,0,0,[5*10|1]~~{(+7)}~~>[5*7*10|1],[5*10|1]~>[5*7*10|1],{(+7)}~,2.0,1,1,0,0
5*10|1,8*10|1,,,,N/A,N/A,N/A,,,,,
5*10|1,4*7*9*10|1,3,1,0,[5*10|1]~~{(+4  7)}~~>[4*7*10|1]~~{(+9)}~~>[4*7*9*10|1],[5*10|1]~>[4*7*10|1]~>[4*7*9*10|1],{(+4  7)}~{(+9)}~,5.0,2,3,0,0
5*10|1,11|1,,,,N/A,N/A,N/A,,,,,
5*10|1,1*11|1,,,,N/A,N/A,N/A,,,,,
5*10|1,1*7*11|1,,,,N/A,N/A,N/A,,,,,
5*10|1,1*4*7*11|1,,,,N/A,N/A,N/A,,,,,
1*7*10|1,|1,,,,N/A,N/A,N/A,,,,,
1*7*10|1,1|1,,,,N/A,N/A,N/A,,,,,
1*7*10|1,2|1,1,3,0,[1*7*10|1]~~{(+9)}~~>[1*9|1]~~{(+2)}~~>[2|1],[1*7*10|1]~>[1*9|1]~>[2|1],{(+9)}~{(+2)}~,4.0,2,2,0,0
1*7*10|1,3|1,,,,N/A,N/A,N/A,,,,,
1*7*10|1,2*3|1,2,3,0,[1*7*10|1]~~{(+9)}~~>[1*9|1]~~{(+2  3)}~~>[2*3|1],[1*7*10|1]~>[1*9|1]~>[2*3|1],{(+9)}~{(+2  3)}~,5.0,2,3,0,0
1*7*10|1,4|1,,,,N/A,N/A,N/A,,,,,
1*7*10|1,5|1,,,,N/A,N/A,N/A,,,,,
1*7*10|1,6|1,,,,N/A,N/A,N/A,,,,,
1*7*10|1,4*6|1,,,,N/A,N/A,N/A,,,,,
1*7*10|1,7|1,,,,N/A,N/A,N/A,,,,,
1*7*10|1,1*7|1,,,,N/A,N/A,N/A,,,,,
1*7*10|1,5*7|1,,,,N/A,N/A,N/A,,,,,
1*7*10|1,1*5*7|1,,,,N/A,N/A,N/A,,,,,
1*7*10|1,4*5*7|1,,,,N/A,N/A,N/A,,,,,
1*7*10|1,1*4*5*7|1,,,,N/A,N/A,N/A,,,,,
1*7*10|1,8|1,,,,N/A,N/A,N/A,,,,,
1*7*10|1,9|1,,,,N/A,N/A,N/A,,,,,
1*7*10|1,1*9|1,1,2,0,[1*7*10|1]~~{(+9)}~~>[1*9|1],[1*7*10|1]~>[1*9|1],{(+9)}~,2.0,1,1,0,0
1*7*10|1,3*9|1,,,,N/A,N/A,N/A,,,,,
1*7*10|1,4*9|1,,,,N/A,N/A,N/A,,,,,
1*7*10|1,5*9|1,,,,N/A,N/A,N/A,,,,,
1*7*10|1,4*5*9|1,,,,N/A,N/A,N/A,,,,,
1*7*10|1,10|1,,,,N/A,N/A,N/A,,,,,
1*7*10|1,1*10|1,,,,N/A,N/A,N/A,,,,,
1*7*10|1,2*10|1,1,2,0,[1*7*10|1]~~{(+9)}~~>[1*9|1]~~{(+2  10)}~~>[2*10|1],[1*7*10|1]~>[1*9|1]~>[2*10|1],{(+9)}~{(+2  10)}~,5.0,2,3,0,0
1*7*10|1,4*10|1,,,,N/A,N/A,N/A,,,,,
1*7*10|1,5*10|1,,,,N/A,N/A,N/A,,,,,
1*7*10|1,2*7*10|1,1,1,0,[1*7*10|1]~~{(+2)}~~>[2*7*10|1],[1*7*10|1]~>[2*7*10|1],{(+2)}~,2.0,1,1,0,0
1*7*10|1,4*7*10|1,,,,N/A,N/A,N/A,,,,,
1*7*10|1,1*4*7*10|1,1,0,0,[1*7*10|1]~~{(+4)}~~>[1*4*7*10|1],[1*7*10|1]~>[1*4*7*10|1],{(+4)}~,2.0,1,1,0,0
1*7*10|1,5*7*10|1,,,,N/A,N/A,N/A,,,,,
1*7*10|1,8*10|1,,,,N/A,N/A,N/A,,,,,
1*7*10|1,4*7*9*10|1,,,,N/A,N/A,N/A,,,,,
1*7*10|1,11|1,,,,N/A,N/A,N/A,,,,,
1*7*10|1,1*11|1,,,,N/A,N/A,N/A,,,,,
1*7*10|1,1*7*11|1,,,,N/A,N/A,N/A,,,,,
1*7*10|1,1*4*7*11|1,,,,N/A,N/A,N/A,,,,,
2*7*10|1,|1,,,,N/A,N/A,N/A,,,,,
2*7*10|1,1|1,,,,N/A,N/A,N/A,,,,,
2*7*10|1,2|1,,,,N/A,N/A,N/A,,,,,
2*7*10|1,3|1,,,,N/A,N/A,N/A,,,,,
2*7*10|1,2*3|1,,,,N/A,N/A,N/A,,,,,
2*7*10|1,4|1,,,,N/A,N/A,N/A,,,,,
2*7*10|1,5|1,,,,N/A,N/A,N/A,,,,,
2*7*10|1,6|1,,,,N/A,N/A,N/A,,,,,
2*7*10|1,4*6|1,,,,N/A,N/A,N/A,,,,,
2*7*10|1,7|1,,,,N/A,N/A,N/A,,,,,
2*7*10|1,1*7|1,,,,N/A,N/A,N/A,,,,,
2*7*10|1,5*7|1,,,,N/A,N/A,N/A,,,,,
2*7*10|1,1*5*7|1,,,,N/A,N/A,N/A,,,,,
2*7*10|1,4*5*7|1,,,,N/A,N/A,N/A,,,,,
2*7*10|1,1*4*5*7|1,,,,N/A,N/A,N/A,,,,,
2*7*10|1,8|1,,,,N/A,N/A,N/A,,,,,
2*7*10|1,9|1,,,,N/A,N/A,N/A,,,,,
2*7*10|1,1*9|1,,,,N/A,N/A,N/A,,,,,
2*7*10|1,3*9|1,,,,N/A,N/A,N/A,,,,,
2*7*10|1,4*9|1,,,,N/A,N/A,N/A,,,,,
2*7*10|1,5*9|1,,,,N/A,N/A,N/A,,,,,
2*7*10|1,4*5*9|1,,,,N/A,N/A,N/A,,,,,
2*7*10|1,10|1,,,,N/A,N/A,N/A,,,,,
2*7*10|1,1*10|1,,,,N/A,N/A,N/A,,,,,
2*7*10|1,2*10|1,,,,N/A,N/A,N/A,,,,,
2*7*10|1,4*10|1,,,,N/A,N/A,N/A,,,,,
2*7*10|1,5*10|1,,,,N/A,N/A,N/A,,,,,
2*7*10|1,1*7*10|1,,,,N/A,N/A,N/A,,,,,
2*7*10|1,4*7*10|1,,,,N/A,N/A,N/A,,,,,
2*7*10|1,1*4*7*10|1,,,,N/A,N/A,N/A,,,,,
2*7*10|1,5*7*10|1,,,,N/A,N/A,N/A,,,,,
2*7*10|1,8*10|1,,,,N/A,N/A,N/A,,,,,
2*7*10|1,4*7*9*10|1,,,,N/A,N/A,N/A,,,,,
2*7*10|1,11|1,,,,N/A,N/A,N/A,,,,,
2*7*10|1,1*11|1,,,,N/A,N/A,N/A,,,,,
2*7*10|1,1*7*11|1,,,,N/A,N/A,N/A,,,,,
2*7*10|1,1*4*7*11|1,,,,N/A,N/A,N/A,,,,,
4*7*10|1,|1,,,,N/A,N/A,N/A,,,,,
4*7*10|1,1|1,,,,N/A,N/A,N/A,,,,,
4*7*10|1,2|1,1,3,0,[4*7*10|1]~~{(+1  9)}~~>[1*9|1]~~{(+2)}~~>[2|1],[4*7*10|1]~>[1*9|1]~>[2|1],{(+1  9)}~{(+2)}~,5.0,2,3,0,0
4*7*10|1,3|1,,,,N/A,N/A,N/A,,,,,
4*7*10|1,2*3|1,2,3,0,[4*7*10|1]~~{(+1  9)}~~>[1*9|1]~~{(+2  3)}~~>[2*3|1],[4*7*10|1]~>[1*9|1]~>[2*3|1],{(+1  9)}~{(+2  3)}~,6.0,2,4,0,0
4*7*10|1,4|1,,,,N/A,N/A,N/A,,,,,
4*7*10|1,5|1,,,,N/A,N/A,N/A,,,,,
4*7*10|1,6|1,,,,N/A,N/A,N/A,,,,,
4*7*10|1,4*6|1,,,,N/A,N/A,N/A,,,,,
4*7*10|1,7|1,,,,N/A,N/A,N/A,,,,,
4*7*10|1,1*7|1,,,,N/A,N/A,N/A,,,,,
4*7*10|1,5*7|1,,,,N/A,N/A,N/A,,,,,
4*7*10|1,1*5*7|1,,,,N/A,N/A,N/A,,,,,
4*7*10|1,4*5*7|1,,,,N/A,N/A,N/A,,,,,
4*7*10|1,1*4*5*7|1,,,,N/A,N/A,N/A,,,,,
4*7*10|1,8|1,,,,N/A,N/A,N/A,,,,,
4*7*10|1,9|1,,,,N/A,N/A,N/A,,,,,
4*7*10|1,1*9|1,2,3,0,[4*7*10|1]~~{(+1  9)}~~>[1*9|1],[4*7*10|1]~>[1*9|1],{(+1  9)}~,3.0,1,2,0,0
4*7*10|1,3*9|1,,,,N/A,N/A,N/A,,,,,
4*7*10|1,4*9|1,,,,N/A,N/A,N/A,,,,,
4*7*10|1,5*9|1,,,,N/A,N/A,N/A,,,,,
4*7*10|1,4*5*9|1,,,,N/A,N/A,N/A,,,,,
4*7*10|1,10|1,,,,N/A,N/A,N/A,,,,,
4*7*10|1,1*10|1,,,,N/A,N/A,N/A,,,,,
4*7*10|1,2*10|1,1,2,0,[4*7*10|1]~~{(+1  9)}~~>[1*9|1]~~{(+2  10)}~~>[2*10|1],[4*7*10|1]~>[1*9|1]~>[2*10|1],{(+1  9)}~{(+2  10)}~,6.0,2,4,0,0
4*7*10|1,4*10|1,,,,N/A,N/A,N/A,,,,,
4*7*10|1,5*10|1,,,,N/A,N/A,N/A,,,,,
4*7*10|1,1*7*10|1,,,,N/A,N/A,N/A,,,,,
4*7*10|1,2*7*10|1,1,1,0,[4*7*10|1]~~{(+2)}~~>[2*7*10|1],[4*7*10|1]~>[2*7*10|1],{(+2)}~,2.0,1,1,0,0
4*7*10|1,1*4*7*10|1,1,0,0,[4*7*10|1]~~{(+1)}~~>[1*4*7*10|1],[4*7*10|1]~>[1*4*7*10|1],{(+1)}~,2.0,1,1,0,0
4*7*10|1,5*7*10|1,,,,N/A,N/A,N/A,,,,,
4*7*10|1,8*10|1,,,,N/A,N/A,N/A,,,,,
4*7*10|1,4*7*9*10|1,1,0,0,[4*7*10|1]~~{(+9)}~~>[4*7*9*10|1],[4*7*10|1]~>[4*7*9*10|1],{(+9)}~,2.0,1,1,0,0
4*7*10|1,11|1,,,,N/A,N/A,N/A,,,,,
4*7*10|1,1*11|1,,,,N/A,N/A,N/A,,,,,
4*7*10|1,1*7*11|1,,,,N/A,N/A,N/A,,,,,
4*7*10|1,1*4*7*11|1,,,,N/A,N/A,N/A,,,,,
1*4*7*10|1,|1,,,,N/A,N/A,N/A,,,,,
1*4*7*10|1,1|1,,,,N/A,N/A,N/A,,,,,
1*4*7*10|1,2|1,1,4,0,[1*4*7*10|1]~~{(+9)}~~>[1*9|1]~~{(+2)}~~>[2|1],[1*4*7*10|1]~>[1*9|1]~>[2|1],{(+9)}~{(+2)}~,4.0,2,2,0,0
1*4*7*10|1,3|1,,,,N/A,N/A,N/A,,,,,
1*4*7*10|1,2*3|1,2,4,0,[1*4*7*10|1]~~{(+9)}~~>[1*9|1]~~{(+2  3)}~~>[2*3|1],[1*4*7*10|1]~>[1*9|1]~>[2*3|1],{(+9)}~{(+2  3)}~,5.0,2,3,0,0
1*4*7*10|1,4|1,,,,N/A,N/A,N/A,,,,,
1*4*7*10|1,5|1,,,,N/A,N/A,N/A,,,,,
1*4*7*10|1,6|1,,,,N/A,N/A,N/A,,,,,
1*4*7*10|1,4*6|1,,,,N/A,N/A,N/A,,,,,
1*4*7*10|1,7|1,,,,N/A,N/A,N/A,,,,,
1*4*7*10|1,1*7|1,,,,N/A,N/A,N/A,,,,,
1*4*7*10|1,5*7|1,,,,N/A,N/A,N/A,,,,,
1*4*7*10|1,1*5*7|1,,,,N/A,N/A,N/A,,,,,
1*4*7*10|1,4*5*7|1,,,,N/A,N/A,N/A,,,,,
1*4*7*10|1,1*4*5*7|1,,,,N/A,N/A,N/A,,,,,
1*4*7*10|1,8|1,,,,N/A,N/A,N/A,,,,,
1*4*7*10|1,9|1,,,,N/A,N/A,N/A,,,,,
1*4*7*10|1,1*9|1,1,3,0,[1*4*7*10|1]~~{(+9)}~~>[1*9|1],[1*4*7*10|1]~>[1*9|1],{(+9)}~,2.0,1,1,0,0
1*4*7*10|1,3*9|1,,,,N/A,N/A,N/A,,,,,
1*4*7*10|1,4*9|1,,,,N/A,N/A,N/A,,,,,
1*4*7*10|1,5*9|1,,,,N/A,N/A,N/A,,,,,
1*4*7*10|1,4*5*9|1,,,,N/A,N/A,N/A,,,,,
1*4*7*10|1,10|1,,,,N/A,N/A,N/A,,,,,
1*4*7*10|1,1*10|1,,,,N/A,N/A,N/A,,,,,
1*4*7*10|1,2*10|1,1,3,0,[1*4*7*10|1]~~{(+9)}~~>[1*9|1]~~{(+2  10)}~~>[2*10|1],[1*4*7*10|1]~>[1*9|1]~>[2*10|1],{(+9)}~{(+2  10)}~,5.0,2,3,0,0
1*4*7*10|1,4*10|1,,,,N/A,N/A,N/A,,,,,
1*4*7*10|1,5*10|1,,,,N/A,N/A,N/A,,,,,
1*4*7*10|1,1*7*10|1,,,,N/A,N/A,N/A,,,,,
1*4*7*10|1,2*7*10|1,1,2,0,[1*4*7*10|1]~~{(+2)}~~>[2*7*10|1],[1*4*7*10|1]~>[2*7*10|1],{(+2)}~,2.0,1,1,0,0
1*4*7*10|1,4*7*10|1,,,,N/A,N/A,N/A,,,,,
1*4*7*10|1,5*7*10|1,,,,N/A,N/A,N/A,,,,,
1*4*7*10|1,8*10|1,,,,N/A,N/A,N/A,,,,,
1*4*7*10|1,4*7*9*10|1,,,,N/A,N/A,N/A,,,,,
1*4*7*10|1,11|1,,,,N/A,N/A,N/A,,,,,
1*4*7*10|1,1*11|1,,,,N/A,N/A,N/A,,,,,
1*4*7*10|1,1*7*11|1,,,,N/A,N/A,N/A,,,,,
1*4*7*10|1,1*4*7*11|1,,,,N/A,N/A,N/A,,,,,
5*7*10|1,|1,,,,N/A,N/A,N/A,,,,,
5*7*10|1,1|1,,,,N/A,N/A,N/A,,,,,
5*7*10|1,2|1,1,3,0,[5*7*10|1]~~{(+9)}~~>[5*9|1]~~{(+2)}~~>[2|1],[5*7*10|1]~>[5*9|1]~>[2|1],{(+9)}~{(+2)}~,4.0,2,2,0,0
5*7*10|1,3|1,,,,N/A,N/A,N/A,,,,,
5*7*10|1,2*3|1,2,3,0,[5*7*10|1]~~{(+9)}~~>[5*9|1]~~{(+2  3)}~~>[2*3|1],[5*7*10|1]~>[5*9|1]~>[2*3|1],{(+9)}~{(+2  3)}~,5.0,2,3,0,0
5*7*10|1,4|1,,,,N/A,N/A,N/A,,,,,
5*7*10|1,5|1,,,,N/A,N/A,N/A,,,,,
5*7*10|1,6|1,,,,N/A,N/A,N/A,,,,,
5*7*10|1,4*6|1,,,,N/A,N/A,N/A,,,,,
5*7*10|1,7|1,,,,N/A,N/A,N/A,,,,,
5*7*10|1,1*7|1,,,,N/A,N/A,N/A,,,,,
5*7*10|1,5*7|1,,,,N/A,N/A,N/A,,,,,
5*7*10|1,1*5*7|1,,,,N/A,N/A,N/A,,,,,
5*7*10|1,4*5*7|1,,,,N/A,N/A,N/A,,,,,
5*7*10|1,1*4*5*7|1,,,,N/A,N/A,N/A,,,,,
5*7*10|1,8|1,,,,N/A,N/A,N/A,,,,,
5*7*10|1,9|1,,,,N/A,N/A,N/A,,,,,
5*7*10|1,1*9|1,2,3,0,[5*7*10|1]~~{(+1  9)}~~>[1*9|1],[5*7*10|1]~>[1*9|1],{(+1  9)}~,3.0,1,2,0,0
5*7*10|1,3*9|1,,,,N/A,N/A,N/A,,,,,
5*7*10|1,4*9|1,,,,N/A,N/A,N/A,,,,,
5*7*10|1,5*9|1,1,2,0,[5*7*10|1]~~{(+9)}~~>[5*9|1],[5*7*10|1]~>[5*9|1],{(+9)}~,2.0,1,1,0,0
5*7*10|1,4*5*9|1,2,2,0,[5*7*10|1]~~{(+9)}~~>[5*9|1]~~{(+4)}~~>[4*5*9|1],[5*7*10|1]~>[5*9|1]~>[4*5*9|1],{(+9)}~{(+4)}~,4.0,2,2,0,0
5*7*10|1,10|1,,,,N/A,N/A,N/A,,,,,
5*7*10|1,1*10|1,,,,N/A,N/A,N/A,,,,,
5*7*10|1,2*10|1,1,2,0,[5*7*10|1]~~{(+9)}~~>[5*9|1]~~{(+2  10)}~~>[2*10|1],[5*7*10|1]~>[5*9|1]~>[2*10|1],{(+9)}~{(+2  10)}~,5.0,2,3,0,0
5*7*10|1,4*10|1,,,,N/A,N/A,N/A,,,,,
5*7*10|1,5*10|1,0,1,0,[5*7*10|1]~~{(+9)}~~>[5*9|1]~~{(+4)}~~>[4*5*9|1]~~{(+10)}~~>[5*10|1],[5*7*10|1]~>[5*9|1]~>[4*5*9|1]~>[5*10|1],{(+9)}~{(+4)}~{(+10)}~,6.0,3,3,0,0
5*7*10|1,1*7*10|1,1,1,0,[5*7*10|1]~~{(+1)}~~>[1*7*10|1],[5*7*10|1]~>[1*7*10|1],{(+1)}~,2.0,1,1,0,0
5*7*10|1,2*7*10|1,1,1,0,[5*7*10|1]~~{(+2)}~~>[2*7*10|1],[5*7*10|1]~>[2*7*10|1],{(+2)}~,2.0,1,1,0,0
5*7*10|1,4*7*10|1,1,1,0,[5*7*10|1]~~{(+4)}~~>[4*7*10|1],[5*7*10|1]~>[4*7*10|1],{(+4)}~,2.0,1,1,0,0
5*7*10|1,1*4*7*10|1,2,1,0,[5*7*10|1]~~{(+1  4)}~~>[1*4*7*10|1],[5*7*10|1]~>[1*4*7*10|1],{(+1  4)}~,3.0,1,2,0,0
5*7*10|1,8*10|1,,,,N/A,N/A,N/A,,,,,
5*7*10|1,4*7*9*10|1,2,1,0,[5*7*10|1]~~{(+4)}~~>[4*7*10|1]~~{(+9)}~~>[4*7*9*10|1],[5*7*10|1]~>[4*7*10|1]~>[4*7*9*10|1],{(+4)}~{(+9)}~,4.0,2,2,0,0
5*7*10|1,11|1,,,,N/A,N/A,N/A,,,,,
5*7*10|1,1*11|1,,,,N/A,N/A,N/A,,,,,
5*7*10|1,1*7*11|1,,,,N/A,N/A,N/A,,,,,
5*7*10|1,1*4*7*11|1,,,,N/A,N/A,N/A,,,,,
8*10|1,|1,,,,N/A,N/A,N/A,,,,,
8*10|1,1|1,1,2,0,[8*10|1]~~{(+6)}~~>[6|1]~~{(+4)}~~>[4*6|1]~~{(+1)}~~>[1|1],[8*10|1]~>[6|1]~>[4*6|1]~>[1|1],{(+6)}~{(+4)}~{(+1)}~,6.0,3,3,0,0
8*10|1,2|1,1,2,0,[8*10|1]~~{(+7)}~~>[7|1]~~{(+2)}~~>[2|1],[8*10|1]~>[7|1]~>[2|1],{(+7)}~{(+2)}~,4.0,2,2,0,0
8*10|1,3|1,1,2,0,[8*10|1]~~{(+3)}~~>[3|1],[8*10|1]~>[3|1],{(+3)}~,2.0,1,1,0,0
8*10|1,2*3|1,2,2,0,[8*10|1]~~{(+3)}~~>[3|1]~~{(+2)}~~>[2*3|1],[8*10|1]~>[3|1]~>[2*3|1],{(+3)}~{(+2)}~,4.0,2,2,0,0
8*10|1,4|1,1,2,0,[8*10|1]~~{(+7)}~~>[7|1]~~{(+4)}~~>[4|1],[8*10|1]~>[7|1]~>[4|1],{(+7)}~{(+4)}~,4.0,2,2,0,0
8*10|1,5|1,1,2,0,[8*10|1]~~{(+6)}~~>[6|1]~~{(+4  5)}~~>[5|1],[8*10|1]~>[6|1]~>[5|1],{(+6)}~{(+4  5)}~,5.0,2,3,0,0
8*10|1,6|1,1,2,0,[8*10|1]~~{(+6)}~~>[6|1],[8*10|1]~>[6|1],{(+6)}~,2.0,1,1,0,0
8*10|1,4*6|1,2,2,0,[8*10|1]~~{(+6)}~~>[6|1]~~{(+4)}~~>[4*6|1],[8*10|1]~>[6|1]~>[4*6|1],{(+6)}~{(+4)}~,4.0,2,2,0,0
8*10|1,7|1,1,2,0,[8*10|1]~~{(+7)}~~>[7|1],[8*10|1]~>[7|1],{(+7)}~,2.0,1,1,0,0
8*10|1,1*7|1,2,2,0,[8*10|1]~~{(+7)}~~>[7|1]~~{(+1)}~~>[1*7|1],[8*10|1]~>[7|1]~>[1*7|1],{(+7)}~{(+1)}~,4.0,2,2,0,0
8*10|1,5*7|1,2,2,0,[8*10|1]~~{(+7)}~~>[7|1]~~{(+5)}~~>[5*7|1],[8*10|1]~>[7|1]~>[5*7|1],{(+7)}~{(+5)}~,4.0,2,2,0,0
8*10|1,1*5*7|1,3,2,0,[8*10|1]~~{(+7)}~~>[7|1]~~{(+1  5)}~~>[1*5*7|1],[8*10|1]~>[7|1]~>[1*5*7|1],{(+7)}~{(+1  5)}~,5.0,2,3,0,0
8*10|1,4*5*7|1,3,2,0,[8*10|1]~~{(+7)}~~>[7|1]~~{(+4  5)}~~>[4*5*7|1],[8*10|1]~>[7|1]~>[4*5*7|1],{(+7)}~{(+4  5)}~,5.0,2,3,0,0
8*10|1,1*4*5*7|1,4,2,0,[8*10|1]~~{(+7)}~~>[7|1]~~{(+1  4  5)}~~>[1*4*5*7|1],[8*10|1]~>[7|1]~>[1*4*5*7|1],{(+7)}~{(+1  4  5)}~,6.0,2,4,0,0
8*10|1,8|1,,,,N/A,N/A,N/A,,,,,
8*10|1,9|1,1,2,0,[8*10|1]~~{(+9)}~~>[9|1],[8*10|1]~>[9|1],{(+9)}~,2.0,1,1,0,0
8*10|1,1*9|1,2,2,0,[8*10|1]~~{(+1  7  9)}~~>[1*9|1],[8*10|1]~>[1*9|1],{(+1  7  9)}~,4.0,1,3,0,0
8*10|1,3*9|1,2,2,0,[8*10|1]~~{(+3  9)}~~>[3*9|1],[8*10|1]~>[3*9|1],{(+3  9)}~,3.0,1,2,0,0
8*10|1,4*9|1,2,2,0,[8*10|1]~~{(+9)}~~>[9|1]~~{(+4)}~~>[4*9|1],[8*10|1]~>[9|1]~>[4*9|1],{(+9)}~{(+4)}~,4.0,2,2,0,0
8*10|1,5*9|1,2,2,0,[8*10|1]~~{(+5  7  9)}~~>[5*9|1],[8*10|1]~>[5*9|1],{(+5  7  9)}~,4.0,1,3,0,0
8*10|1,4*5*9|1,3,2,0,[8*10|1]~~{(+9)}~~>[9|1]~~{(+4  5)}~~>[4*5*9|1],[8*10|1]~>[9|1]~>[4*5*9|1],{(+9)}~{(+4  5)}~,5.0,2,3,0,0
8*10|1,10|1,,,,N/A,N/A,N/A,,,,,
8*10|1,1*10|1,1,1,0,[8*10|1]~~{(+1)}~~>[1*10|1],[8*10|1]~>[1*10|1],{(+1)}~,2.0,1,1,0,0
8*10|1,2*10|1,1,1,0,[8*10|1]~~{(+2)}~~>[2*10|1],[8*10|1]~>[2*10|1],{(+2)}~,2.0,1,1,0,0
8*10|1,4*10|1,1,1,0,[8*10|1]~~{(+4)}~~>[4*10|1],[8*10|1]~>[4*10|1],{(+4)}~,2.0,1,1,0,0
8*10|1,5*10|1,1,1,0,[8*10|1]~~{(+5)}~~>[5*10|1],[8*10|1]~>[5*10|1],{(+5)}~,2.0,1,1,0,0
8*10|1,1*7*10|1,2,1,0,[8*10|1]~~{(+1  7)}~~>[1*7*10|1],[8*10|1]~>[1*7*10|1],{(+1  7)}~,3.0,1,2,0,0
8*10|1,2*7*10|1,2,1,0,[8*10|1]~~{(+2  7)}~~>[2*7*10|1],[8*10|1]~>[2*7*10|1],{(+2  7)}~,3.0,1,2,0,0
8*10|1,4*7*10|1,2,1,0,[8*10|1]~~{(+4  7)}~~>[4*7*10|1],[8*10|1]~>[4*7*10|1],{(+4  7)}~,3.0,1,2,0,0
8*10|1,1*4*7*10|1,3,1,0,[8*10|1]~~{(+1  4  7)}~~>[1*4*7*10|1],[8*10|1]~>[1*4*7*10|1],{(+1  4  7)}~,4.0,1,3,0,0
8*10|1,5*7*10|1,2,1,0,[8*10|1]~~{(+5  7)}~~>[5*7*10|1],[8*10|1]~>[5*7*10|1],{(+5  7)}~,3.0,1,2,0,0
8*10|1,4*7*9*10|1,3,1,0,[8*10|1]~~{(+4  7  9)}~~>[4*7*9*10|1],[8*10|1]~>[4*7*9*10|1],{(+4  7  9)}~,4.0,1,3,0,0
8*10|1,11|1,,,,N/A,N/A,N/A,,,,,
8*10|1,1*11|1,2,2,0,[8*10|1]~~{(+6)}~~>[6|1]~~{(+4)}~~>[4*6|1]~~{(+1  11)}~~>[1*11|1],[8*10|1]~>[6|1]~>[4*6|1]~>[1*11|1],{(+6)}~{(+4)}~{(+1  11)}~,7.0,3,4,0,0
8*10|1,1*7*11|1,3,2,0,[8*10|1]~~{(+7)}~~>[7|1]~~{(+1  11)}~~>[1*7*11|1],[8*10|1]~>[7|1]~>[1*7*11|1],{(+7)}~{(+1  11)}~,5.0,2,3,0,0
8*10|1,1*4*7*11|1,4,2,0,[8*10|1]~~{(+7)}~~>[7|1]~~{(+1  4  11)}~~>[1*4*7*11|1],[8*10|1]~>[7|1]~>[1*4*7*11|1],{(+7)}~{(+1  4  11)}~,6.0,2,4,0,0
4*7*9*10|1,|1,,,,N/A,N/A,N/A,,,,,
4*7*9*10|1,1|1,,,,N/A,N/A,N/A,,,,,
4*7*9*10|1,2|1,1,4,0,[4*7*9*10|1]~~{(+1)}~~>[1*9|1]~~{(+2)}~~>[2|1],[4*7*9*10|1]~>[1*9|1]~>[2|1],{(+1)}~{(+2)}~,4.0,2,2,0,0
4*7*9*10|1,3|1,,,,N/A,N/A,N/A,,,,,
4*7*9*10|1,2*3|1,2,4,0,[4*7*9*10|1]~~{(+1)}~~>[1*9|1]~~{(+2  3)}~~>[2*3|1],[4*7*9*10|1]~>[1*9|1]~>[2*3|1],{(+1)}~{(+2  3)}~,5.0,2,3,0,0
4*7*9*10|1,4|1,,,,N/A,N/A,N/A,,,,,
4*7*9*10|1,5|1,,,,N/A,N/A,N/A,,,,,
4*7*9*10|1,6|1,,,,N/A,N/A,N/A,,,,,
4*7*9*10|1,4*6|1,,,,N/A,N/A,N/A,,,,,
4*7*9*10|1,7|1,,,,N/A,N/A,N/A,,,,,
4*7*9*10|1,1*7|1,,,,N/A,N/A,N/A,,,,,
4*7*9*10|1,5*7|1,,,,N/A,N/A,N/A,,,,,
4*7*9*10|1,1*5*7|1,,,,N/A,N/A,N/A,,,,,
4*7*9*10|1,4*5*7|1,,,,N/A,N/A,N/A,,,,,
4*7*9*10|1,1*4*5*7|1,,,,N/A,N/A,N/A,,,,,
4*7*9*10|1,8|1,,,,N/A,N/A,N/A,,,,,
4*7*9*10|1,9|1,,,,N/A,N/A,N/A,,,,,
4*7*9*10|1,1*9|1,1,3,0,[4*7*9*10|1]~~{(+1)}~~>[1*9|1],[4*7*9*10|1]~>[1*9|1],{(+1)}~,2.0,1,1,0,0
4*7*9*10|1,3*9|1,,,,N/A,N/A,N/A,,,,,
4*7*9*10|1,4*9|1,,,,N/A,N/A,N/A,,,,,
4*7*9*10|1,5*9|1,,,,N/A,N/A,N/A,,,,,
4*7*9*10|1,4*5*9|1,,,,N/A,N/A,N/A,,,,,
4*7*9*10|1,10|1,,,,N/A,N/A,N/A,,,,,
4*7*9*10|1,1*10|1,,,,N/A,N/A,N/A,,,,,
4*7*9*10|1,2*10|1,1,3,0,[4*7*9*10|1]~~{(+1)}~~>[1*9|1]~~{(+2  10)}~~>[2*10|1],[4*7*9*10|1]~>[1*9|1]~>[2*10|1],{(+1)}~{(+2  10)}~,5.0,2,3,0,0
4*7*9*10|1,4*10|1,,,,N/A,N/A,N/A,,,,,
4*7*9*10|1,5*10|1,,,,N/A,N/A,N/A,,,,,
4*7*9*10|1,1*7*10|1,,,,N/A,N/A,N/A,,,,,
4*7*9*10|1,2*7*10|1,1,2,0,[4*7*9*10|1]~~{(+2)}~~>[2*7*10|1],[4*7*9*10|1]~>[2*7*10|1],{(+2)}~,2.0,1,1,0,0
4*7*9*10|1,4*7*10|1,,,,N/A,N/A,N/A,,,,,
4*7*9*10|1,1*4*7*10|1,,,,N/A,N/A,N/A,,,,,
4*7*9*10|1,5*7*10|1,,,,N/A,N/A,N/A,,,,,
4*7*9*10|1,8*10|1,,,,N/A,N/A,N/A,,,,,
4*7*9*10|1,11|1,,,,N/A,N/A,N/A,,,,,
4*7*9*10|1,1*11|1,,,,N/A,N/A,N/A,,,,,
4*7*9*10|1,1*7*11|1,,,,N/A,N/A,N/A,,,,,
4*7*9*10|1,1*4*7*11|1,,,,N/A,N/A,N/A,,,,,
11|1,|1,,,,N/A,N/A,N/A,,,,,
11|1,1|1,1,1,0,[11|1]~~{(+8)}~~>[8|1]~~{(+1)}~~>[1|1],[11|1]~>[8|1]~>[1|1],{(+8)}~{(+1)}~,4.0,2,2,0,0
11|1,2|1,1,1,0,[11|1]~~{(+2)}~~>[2|1],[11|1]~>[2|1],{(+2)}~,2.0,1,1,0,0
11|1,3|1,1,1,0,[11|1]~~{(+3)}~~>[3|1],[11|1]~>[3|1],{(+3)}~,2.0,1,1,0,0
11|1,2*3|1,2,1,0,[11|1]~~{(+2  3)}~~>[2*3|1],[11|1]~>[2*3|1],{(+2  3)}~,3.0,1,2,0,0
11|1,4|1,1,1,0,[11|1]~~{(+4)}~~>[4|1],[11|1]~>[4|1],{(+4)}~,2.0,1,1,0,0
11|1,5|1,1,1,0,[11|1]~~{(+5)}~~>[5|1],[11|1]~>[5|1],{(+5)}~,2.0,1,1,0,0
11|1,6|1,1,1,0,[11|1]~~{(+6)}~~>[6|1],[11|1]~>[6|1],{(+6)}~,2.0,1,1,0,0
11|1,4*6|1,2,1,0,[11|1]~~{(+4  6)}~~>[4*6|1],[11|1]~>[4*6|1],{(+4  6)}~,3.0,1,2,0,0
11|1,7|1,1,1,0,[11|1]~~{(+7)}~~>[7|1],[11|1]~>[7|1],{(+7)}~,2.0,1,1,0,0
11|1,1*7|1,2,1,0,[11|1]~~{(+7)}~~>[7|1]~~{(+1)}~~>[1*7|1],[11|1]~>[7|1]~>[1*7|1],{(+7)}~{(+1)}~,4.0,2,2,0,0
11|1,5*7|1,2,1,0,[11|1]~~{(+5  7)}~~>[5*7|1],[11|1]~>[5*7|1],{(+5  7)}~,3.0,1,2,0,0
11|1,1*5*7|1,3,1,0,[11|1]~~{(+1  5  7)}~~>[1*5*7|1],[11|1]~>[1*5*7|1],{(+1  5  7)}~,4.0,1,3,0,0
11|1,4*5*7|1,3,1,0,[11|1]~~{(+4  5  7)}~~>[4*5*7|1],[11|1]~>[4*5*7|1],{(+4  5  7)}~,4.0,1,3,0,0
11|1,1*4*5*7|1,4,1,0,[11|1]~~{(+1  4  5  7)}~~>[1*4*5*7|1],[11|1]~>[1*4*5*7|1],{(+1  4  5  7)}~,5.0,1,4,0,0
11|1,8|1,1,1,0,[11|1]~~{(+8)}~~>[8|1],[11|1]~>[8|1],{(+8)}~,2.0,1,1,0,0
11|1,9|1,1,1,0,[11|1]~~{(+9)}~~>[9|1],[11|1]~>[9|1],{(+9)}~,2.0,1,1,0,0
11|1,1*9|1,2,1,0,[11|1]~~{(+1  9)}~~>[1*9|1],[11|1]~>[1*9|1],{(+1  9)}~,3.0,1,2,0,0
11|1,3*9|1,2,1,0,[11|1]~~{(+3  9)}~~>[3*9|1],[11|1]~>[3*9|1],{(+3  9)}~,3.0,1,2,0,0
11|1,4*9|1,2,1,0,[11|1]~~{(+4  9)}~~>[4*9|1],[11|1]~>[4*9|1],{(+4  9)}~,3.0,1,2,0,0
11|1,5*9|1,2,1,0,[11|1]~~{(+5  9)}~~>[5*9|1],[11|1]~>[5*9|1],{(+5  9)}~,3.0,1,2,0,0
11|1,4*5*9|1,3,1,0,[11|1]~~{(+4  5  9)}~~>[4*5*9|1],[11|1]~>[4*5*9|1],{(+4  5  9)}~,4.0,1,3,0,0
11|1,10|1,1,1,0,[11|1]~~{(+10)}~~>[10|1],[11|1]~>[10|1],{(+10)}~,2.0,1,1,0,0
11|1,1*10|1,2,1,0,[11|1]~~{(+1  10)}~~>[1*10|1],[11|1]~>[1*10|1],{(+1  10)}~,3.0,1,2,0,0
11|1,2*10|1,2,1,0,[11|1]~~{(+2  10)}~~>[2*10|1],[11|1]~>[2*10|1],{(+2  10)}~,3.0,1,2,0,0
11|1,4*10|1,2,1,0,[11|1]~~{(+4  10)}~~>[4*10|1],[11|1]~>[4*10|1],{(+4  10)}~,3.0,1,2,0,0
11|1,5*10|1,2,1,0,[11|1]~~{(+5  10)}~~>[5*10|1],[11|1]~>[5*10|1],{(+5  10)}~,3.0,1,2,0,0
11|1,1*7*10|1,3,1,0,[11|1]~~{(+1  7  10)}~~>[1*7*10|1],[11|1]~>[1*7*10|1],{(+1  7  10)}~,4.0,1,3,0,0
11|1,2*7*10|1,3,1,0,[11|1]~~{(+2  7  10)}~~>[2*7*10|1],[11|1]~>[2*7*10|1],{(+2  7  10)}~,4.0,1,3,0,0
11|1,4*7*10|1,3,1,0,[11|1]~~{(+4  7  10)}~~>[4*7*10|1],[11|1]~>[4*7*10|1],{(+4  7  10)}~,4.0,1,3,0,0
11|1,1*4*7*10|1,4,1,0,[11|1]~~{(+1  4  7  10)}~~>[1*4*7*10|1],[11|1]~>[1*4*7*10|1],{(+1  4  7  10)}~,5.0,1,4,0,0
11|1,5*7*10|1,3,1,0,[11|1]~~{(+5  7  10)}~~>[5*7*10|1],[11|1]~>[5*7*10|1],{(+5  7  10)}~,4.0,1,3,0,0
11|1,8*10|1,2,1,0,[11|1]~~{(+8  10)}~~>[8*10|1],[11|1]~>[8*10|1],{(+8  10)}~,3.0,1,2,0,0
11|1,4*7*9*10|1,4,1,0,[11|1]~~{(+4  7  9  10)}~~>[4*7*9*10|1],[11|1]~>[4*7*9*10|1],{(+4  7  9  10)}~,5.0,1,4,0,0
11|1,1*11|1,1,0,0,[11|1]~~{(+1)}~~>[1*11|1],[11|1]~>[1*11|1],{(+1)}~,2.0,1,1,0,0
11|1,1*7*11|1,2,0,0,[11|1]~~{(+1  7)}~~>[1*7*11|1],[11|1]~>[1*7*11|1],{(+1  7)}~,3.0,1,2,0,0
11|1,1*4*7*11|1,3,0,0,[11|1]~~{(+1  4  7)}~~>[1*4*7*11|1],[11|1]~>[1*4*7*11|1],{(+1  4  7)}~,4.0,1,3,0,0
1*11|1,|1,,,,N/A,N/A,N/A,,,,,
1*11|1,1|1,,,,N/A,N/A,N/A,,,,,
1*11|1,2|1,1,2,0,[1*11|1]~~{(+2)}~~>[2|1],[1*11|1]~>[2|1],{(+2)}~,2.0,1,1,0,0
1*11|1,3|1,,,,N/A,N/A,N/A,,,,,
1*11|1,2*3|1,2,2,0,[1*11|1]~~{(+2  3)}~~>[2*3|1],[1*11|1]~>[2*3|1],{(+2  3)}~,3.0,1,2,0,0
1*11|1,4|1,,,,N/A,N/A,N/A,,,,,
1*11|1,5|1,1,2,0,[1*11|1]~~{(+5)}~~>[5|1],[1*11|1]~>[5|1],{(+5)}~,2.0,1,1,0,0
1*11|1,6|1,,,,N/A,N/A,N/A,,,,,
1*11|1,4*6|1,,,,N/A,N/A,N/A,,,,,
1*11|1,7|1,,,,N/A,N/A,N/A,,,,,
1*11|1,1*7|1,,,,N/A,N/A,N/A,,,,,
1*11|1,5*7|1,2,2,0,[1*11|1]~~{(+5)}~~>[5|1]~~{(+7)}~~>[5*7|1],[1*11|1]~>[5|1]~>[5*7|1],{(+5)}~{(+7)}~,4.0,2,2,0,0
1*11|1,1*5*7|1,2,1,0,[1*11|1]~~{(+5)}~~>[5|1]~~{(+1  7)}~~>[1*5*7|1],[1*11|1]~>[5|1]~>[1*5*7|1],{(+5)}~{(+1  7)}~,5.0,2,3,0,0
1*11|1,4*5*7|1,3,2,0,[1*11|1]~~{(+5)}~~>[5|1]~~{(+4  7)}~~>[4*5*7|1],[1*11|1]~>[5|1]~>[4*5*7|1],{(+5)}~{(+4  7)}~,5.0,2,3,0,0
1*11|1,1*4*5*7|1,3,1,0,[1*11|1]~~{(+5)}~~>[5|1]~~{(+7)}~~>[5*7|1]~~{(+1  4)}~~>[1*4*5*7|1],[1*11|1]~>[5|1]~>[5*7|1]~>[1*4*5*7|1],{(+5)}~{(+7)}~{(+1  4)}~,7.0,3,4,0,0
1*11|1,8|1,,,,N/A,N/A,N/A,,,,,
1*11|1,9|1,,,,N/A,N/A,N/A,,,,,
1*11|1,1*9|1,1,1,0,[1*11|1]~~{(+5  9)}~~>[1*9|1],[1*11|1]~>[1*9|1],{(+5  9)}~,3.0,1,2,0,0
1*11|1,3*9|1,,,,N/A,N/A,N/A,,,,,
1*11|1,4*9|1,,,,N/A,N/A,N/A,,,,,
1*11|1,5*9|1,2,2,0,[1*11|1]~~{(+5)}~~>[5|1]~~{(+9)}~~>[5*9|1],[1*11|1]~>[5|1]~>[5*9|1],{(+5)}~{(+9)}~,4.0,2,2,0,0
1*11|1,4*5*9|1,3,2,0,[1*11|1]~~{(+5)}~~>[5|1]~~{(+4  9)}~~>[4*5*9|1],[1*11|1]~>[5|1]~>[4*5*9|1],{(+5)}~{(+4  9)}~,5.0,2,3,0,0
1*11|1,10|1,,,,N/A,N/A,N/A,,,,,
1*11|1,1*10|1,1,1,0,[1*11|1]~~{(+10)}~~>[1*10|1],[1*11|1]~>[1*10|1],{(+10)}~,2.0,1,1,0,0
1*11|1,2*10|1,2,2,0,[1*11|1]~~{(+2  10)}~~>[2*10|1],[1*11|1]~>[2*10|1],{(+2  10)}~,3.0,1,2,0,0
1*11|1,4*10|1,,,,N/A,N/A,N/A,,,,,
1*11|1,5*10|1,2,2,0,[1*11|1]~~{(+5  10)}~~>[5*10|1],[1*11|1]~>[5*10|1],{(+5  10)}~,3.0,1,2,0,0
1*11|1,1*7*10|1,2,1,0,[1*11|1]~~{(+7  10)}~~>[1*7*10|1],[1*11|1]~>[1*7*10|1],{(+7  10)}~,3.0,1,2,0,0
1*11|1,2*7*10|1,3,2,0,[1*11|1]~~{(+2  7  10)}~~>[2*7*10|1],[1*11|1]~>[2*7*10|1],{(+2  7  10)}~,4.0,1,3,0,0
1*11|1,4*7*10|1,3,2,0,[1*11|1]~~{(+5)}~~>[5|1]~~{(+4  7  10)}~~>[4*7*10|1],[1*11|1]~>[5|1]~>[4*7*10|1],{(+5)}~{(+4  7  10)}~,6.0,2,4,0,0
1*11|1,1*4*7*10|1,3,1,0,[1*11|1]~~{(+4  7  10)}~~>[1*4*7*10|1],[1*11|1]~>[1*4*7*10|1],{(+4  7  10)}~,4.0,1,3,0,0
1*11|1,5*7*10|1,3,2,0,[1*11|1]~~{(+5)}~~>[5|1]~~{(+7  10)}~~>[5*7*10|1],[1*11|1]~>[5|1]~>[5*7*10|1],{(+5)}~{(+7  10)}~,5.0,2,3,0,0
1*11|1,8*10|1,,,,N/A,N/A,N/A,,,,,
1*11|1,4*7*9*10|1,4,2,0,[1*11|1]~~{(+5)}~~>[5|1]~~{(+4  7)}~~>[4*5*7|1]~~{(+9  10)}~~>[4*7*9*10|1],[1*11|1]~>[5|1]~>[4*5*7|1]~>[4*7*9*10|1],{(+5)}~{(+4  7)}~{(+9  10)}~,8.0,3,5,0,0
1*11|1,11|1,,,,N/A,N/A,N/A,,,,,
1*11|1,1*7*11|1,1,0,0,[1*11|1]~~{(+7)}~~>[1*7*11|1],[1*11|1]~>[1*7*11|1],{(+7)}~,2.0,1,1,0,0
1*11|1,1*4*7*11|1,2,0,0,[1*11|1]~~{(+4  7)}~~>[1*4*7*11|1],[1*11|1]~>[1*4*7*11|1],{(+4  7)}~,3.0,1,2,0,0
1*7*11|1,|1,,,,N/A,N/A,N/A,,,,,
1*7*11|1,1|1,,,,N/A,N/A,N/A,,,,,
1*7*11|1,2|1,1,3,0,[1*7*11|1]~~{(+2)}~~>[2|1],[1*7*11|1]~>[2|1],{(+2)}~,2.0,1,1,0,0
1*7*11|1,3|1,,,,N/A,N/A,N/A,,,,,
1*7*11|1,2*3|1,2,3,0,[1*7*11|1]~~{(+2  3)}~~>[2*3|1],[1*7*11|1]~>[2*3|1],{(+2  3)}~,3.0,1,2,0,0
1*7*11|1,4|1,,,,N/A,N/A,N/A,,,,,
1*7*11|1,5|1,,,,N/A,N/A,N/A,,,,,
1*7*11|1,6|1,,,,N/A,N/A,N/A,,,,,
1*7*11|1,4*6|1,,,,N/A,N/A,N/A,,,,,
1*7*11|1,7|1,,,,N/A,N/A,N/A,,,,,
1*7*11|1,1*7|1,,,,N/A,N/A,N/A,,,,,
1*7*11|1,5*7|1,,,,N/A,N/A,N/A,,,,,
1*7*11|1,1*5*7|1,,,,N/A,N/A,N/A,,,,,
1*7*11|1,4*5*7|1,,,,N/A,N/A,N/A,,,,,
1*7*11|1,1*4*5*7|1,,,,N/A,N/A,N/A,,,,,
1*7*11|1,8|1,,,,N/A,N/A,N/A,,,,,
1*7*11|1,9|1,,,,N/A,N/A,N/A,,,,,
1*7*11|1,1*9|1,1,2,0,[1*7*11|1]~~{(+9)}~~>[1*9|1],[1*7*11|1]~>[1*9|1],{(+9)}~,2.0,1,1,0,0
1*7*11|1,3*9|1,,,,N/A,N/A,N/A,,,,,
1*7*11|1,4*9|1,,,,N/A,N/A,N/A,,,,,
1*7*11|1,5*9|1,,,,N/A,N/A,N/A,,,,,
1*7*11|1,4*5*9|1,,,,N/A,N/A,N/A,,,,,
1*7*11|1,10|1,,,,N/A,N/A,N/A,,,,,
1*7*11|1,1*10|1,,,,N/A,N/A,N/A,,,,,
1*7*11|1,2*10|1,2,3,0,[1*7*11|1]~~{(+2)}~~>[2|1]~~{(+10)}~~>[2*10|1],[1*7*11|1]~>[2|1]~>[2*10|1],{(+2)}~{(+10)}~,4.0,2,2,0,0
1*7*11|1,4*10|1,,,,N/A,N/A,N/A,,,,,
1*7*11|1,5*10|1,,,,N/A,N/A,N/A,,,,,
1*7*11|1,1*7*10|1,1,1,0,[1*7*11|1]~~{(+10)}~~>[1*7*10|1],[1*7*11|1]~>[1*7*10|1],{(+10)}~,2.0,1,1,0,0
1*7*11|1,2*7*10|1,2,2,0,[1*7*11|1]~~{(+2  10)}~~>[2*7*10|1],[1*7*11|1]~>[2*7*10|1],{(+2  10)}~,3.0,1,2,0,0
1*7*11|1,4*7*10|1,,,,N/A,N/A,N/A,,,,,
1*7*11|1,1*4*7*10|1,2,1,0,[1*7*11|1]~~{(+4  10)}~~>[1*4*7*10|1],[1*7*11|1]~>[1*4*7*10|1],{(+4  10)}~,3.0,1,2,0,0
1*7*11|1,5*7*10|1,,,,N/A,N/A,N/A,,,,,
1*7*11|1,8*10|1,,,,N/A,N/A,N/A,,,,,
1*7*11|1,4*7*9*10|1,,,,N/A,N/A,N/A,,,,,
1*7*11|1,11|1,,,,N/A,N/A,N/A,,,,,
1*7*11|1,1*11|1,,,,N/A,N/A,N/A,,,,,
1*7*11|1,1*4*7*11|1,1,0,0,[1*7*11|1]~~{(+4)}~~>[1*4*7*11|1],[1*7*11|1]~>[1*4*7*11|1],{(+4)}~,2.0,1,1,0,0
1*4*7*11|1,|1,,,,N/A,N/A,N/A,,,,,
1*4*7*11|1,1|1,,,,N/A,N/A,N/A,,,,,
1*4*7*11|1,2|1,1,4,0,[1*4*7*11|1]~~{(+2)}~~>[2|1],[1*4*7*11|1]~>[2|1],{(+2)}~,2.0,1,1,0,0
1*4*7*11|1,3|1,,,,N/A,N/A,N/A,,,,,
1*4*7*11|1,2*3|1,2,4,0,[1*4*7*11|1]~~{(+2  3)}~~>[2*3|1],[1*4*7*11|1]~>[2*3|1],{(+2  3)}~,3.0,1,2,0,0
1*4*7*11|1,4|1,,,,N/A,N/A,N/A,,,,,
1*4*7*11|1,5|1,,,,N/A,N/A,N/A,,,,,
1*4*7*11|1,6|1,,,,N/A,N/A,N/A,,,,,
1*4*7*11|1,4*6|1,,,,N/A,N/A,N/A,,,,,
1*4*7*11|1,7|1,,,,N/A,N/A,N/A,,,,,
1*4*7*11|1,1*7|1,,,,N/A,N/A,N/A,,,,,
1*4*7*11|1,5*7|1,,,,N/A,N/A,N/A,,,,,
1*4*7*11|1,1*5*7|1,,,,N/A,N/A,N/A,,,,,
1*4*7*11|1,4*5*7|1,,,,N/A,N/A,N/A,,,,,
1*4*7*11|1,1*4*5*7|1,,,,N/A,N/A,N/A,,,,,
1*4*7*11|1,8|1,,,,N/A,N/A,N/A,,,,,
1*4*7*11|1,9|1,,,,N/A,N/A,N/A,,,,,
1*4*7*11|1,1*9|1,1,3,0,[1*4*7*11|1]~~{(+9)}~~>[1*9|1],[1*4*7*11|1]~>[1*9|1],{(+9)}~,2.0,1,1,0,0
1*4*7*11|1,3*9|1,,,,N/A,N/A,N/A,,,,,
1*4*7*11|1,4*9|1,,,,N/A,N/A,N/A,,,,,
1*4*7*11|1,5*9|1,,,,N/A,N/A,N/A,,,,,
1*4*7*11|1,4*5*9|1,,,,N/A,N/A,N/A,,,,,
1*4*7*11|1,10|1,,,,N/A,N/A,N/A,,,,,
1*4*7*11|1,1*10|1,,,,N/A,N/A,N/A,,,,,
1*4*7*11|1,2*10|1,2,4,0,[1*4*7*11|1]~~{(+2)}~~>[2|1]~~{(+10)}~~>[2*10|1],[1*4*7*11|1]~>[2|1]~>[2*10|1],{(+2)}~{(+10)}~,4.0,2,2,0,0
1*4*7*11|1,4*10|1,,,,N/A,N/A,N/A,,,,,
1*4*7*11|1,5*10|1,,,,N/A,N/A,N/A,,,,,
1*4*7*11|1,1*7*10|1,,,,N/A,N/A,N/A,,,,,
1*4*7*11|1,2*7*10|1,2,3,0,[1*4*7*11|1]~~{(+2  10)}~~>[2*7*10|1],[1*4*7*11|1]~>[2*7*10|1],{(+2  10)}~,3.0,1,2,0,0
1*4*7*11|1,4*7*10|1,,,,N/A,N/A,N/A,,,,,
1*4*7*11|1,1*4*7*10|1,1,1,0,[1*4*7*11|1]~~{(+10)}~~>[1*4*7*10|1],[1*4*7*11|1]~>[1*4*7*10|1],{(+10)}~,2.0,1,1,0,0
1*4*7*11|1,5*7*10|1,,,,N/A,N/A,N/A,,,,,
1*4*7*11|1,8*10|1,,,,N/A,N/A,N/A,,,,,
1*4*7*11|1,4*7*9*10|1,,,,N/A,N/A,N/A,,,,,
1*4*7*11|1,11|1,,,,N/A,N/A,N/A,,,,,
1*4*7*11|1,1*11|1,,,,N/A,N/A,N/A,,,,,
1*4*7*11|1,1*7*11|1,,,,N/A,N/A,N/A,,,,,
